Workbook

Sheet Painel
B1: ="Transformação corporal · 04/01/2026 a "&RIGHT("0"&DAY(MAX('Medições Corporais'!$A$4:$A$147)),2)&"/"&RIGHT("0"&MONTH(MAX('Medições Corporais'!$A$4:$A$147)),2)&"/"&YEAR(MAX('Medições Corporais'!$A$4:$A$147))
B2: ="Última leitura: "&RIGHT("0"&DAY(INDEX('Medições Corporais'!$A$4:$A$147,MATCH(MAX('Medições Corporais'!$R$4:$R$147),'Medições Corporais'!$R$4:$R$147,0))),2)&"/"&RIGHT("0"&MONTH(INDEX('Medições Corporais'!$A$4:$A$147,MATCH(MAX('Medições Corporais'!$R$4:$R$147),'Medições Corporais'!$R$4:$R$147,0))),2)&"/"&YEAR(INDEX('Medições Corporais'!$A$4:$A$147,MATCH(MAX('Medições Corporais'!$R$4:$R$147),'Medições Corporais'!$R$4:$R$147,0)))&" às "&RIGHT("0"&HOUR(INDEX('Medições Corporais'!$A$4:$A$147,MATCH(MAX('Medições Corporais'!$R$4:$R$147),'Medições Corporais'!$R$4:$R$147,0))),2)&":"&RIGHT("0"&MINUTE(INDEX('Medições Corporais'!$A$4:$A$147,MATCH(MAX('Medições Corporais'!$R$4:$R$147),'Medições Corporais'!$R$4:$R$147,0))),2)&" · "&COUNT('Medições Corporais'!$A$4:$A$147)&" leituras aceites · Atualizado em 11/10/2026 16:40"
B4: Último peso | F4: Peso (média 7 dias) | J4: Peso desde o início | N4: Ritmo recente
B5: =INDEX('Medições Corporais'!$B$4:$B$147,MATCH(MAX('Medições Corporais'!$R$4:$R$147),'Medições Corporais'!$R$4:$R$147,0)) | F5: =AVERAGEIFS('Medições Corporais'!$B$4:$B$147,'Medições Corporais'!$A$4:$A$147,">"&MAX('Medições Corporais'!$A$4:$A$147)-7) | J5: =AVERAGEIFS('Medições Corporais'!$B$4:$B$147,'Medições Corporais'!$A$4:$A$147,">"&MAX('Medições Corporais'!$A$4:$A$147)-7)-AVERAGEIFS('Medições Corporais'!$B$4:$B$147,'Medições Corporais'!$A$4:$A$147,"<"&MIN('Medições Corporais'!$A$4:$A$147)+7) | N5: =IFERROR((AVERAGEIFS('Medições Corporais'!$B$4:$B$147,'Medições Corporais'!$A$4:$A$147,">"&MAX('Medições Corporais'!$A$4:$A$147)-7)-AVERAGEIFS('Medições Corporais'!$B$4:$B$147,'Medições Corporais'!$A$4:$A$147,">"&MAX('Medições Corporais'!$A$4:$A$147)-28,'Medições Corporais'!$A$4:$A$147,"<="&MAX('Medições Corporais'!$A$4:$A$147)-21))/3,"")
B8: ="leitura mais recente" | F8: ="últimos 7 dias" | J8: ="média 7 dias: atual − inicial" | N8: ="últimas 4 semanas"
B10: Gordura (média 7 dias) | F10: Gordura desde o início | J10: Músculo (média 7 dias) | N10: Músculo desde o início
B11: =AVERAGEIFS('Medições Corporais'!$D$4:$D$147,'Medições Corporais'!$A$4:$A$147,">"&MAX('Medições Corporais'!$A$4:$A$147)-7) | F11: =AVERAGEIFS('Medições Corporais'!$D$4:$D$147,'Medições Corporais'!$A$4:$A$147,">"&MAX('Medições Corporais'!$A$4:$A$147)-7)-AVERAGEIFS('Medições Corporais'!$D$4:$D$147,'Medições Corporais'!$A$4:$A$147,"<"&MIN('Medições Corporais'!$A$4:$A$147)+7) | J11: =AVERAGEIFS('Medições Corporais'!$G$4:$G$147,'Medições Corporais'!$A$4:$A$147,">"&MAX('Medições Corporais'!$A$4:$A$147)-7) | N11: =AVERAGEIFS('Medições Corporais'!$G$4:$G$147,'Medições Corporais'!$A$4:$A$147,">"&MAX('Medições Corporais'!$A$4:$A$147)-7)-AVERAGEIFS('Medições Corporais'!$G$4:$G$147,'Medições Corporais'!$A$4:$A$147,"<"&MIN('Medições Corporais'!$A$4:$A$147)+7)
B14: ="estimativa da balança" | F14: ="pontos percentuais" | J14: ="estimativa da balança" | N14: ="média 7 dias: atual − inicial"
B16: Última cintura | F16: Cintura desde o início | J16: Último pescoço | N16: Pescoço desde o início
B17: =IF(COUNT('Medidas Manuais'!$C$4:$C$25)=0,"",SUMIFS('Medidas Manuais'!$C$4:$C$25,'Medidas Manuais'!$B$4:$B$25,_xlfn.MAXIFS('Medidas Manuais'!$B$4:$B$25,'Medidas Manuais'!$C$4:$C$25,">0"))) | F17: =IF(COUNT('Medidas Manuais'!$C$4:$C$25)<2,"",SUMIFS('Medidas Manuais'!$C$4:$C$25,'Medidas Manuais'!$B$4:$B$25,_xlfn.MAXIFS('Medidas Manuais'!$B$4:$B$25,'Medidas Manuais'!$C$4:$C$25,">0"))-SUMIFS('Medidas Manuais'!$C$4:$C$25,'Medidas Manuais'!$B$4:$B$25,_xlfn.MINIFS('Medidas Manuais'!$B$4:$B$25,'Medidas Manuais'!$C$4:$C$25,">0"))) | J17: =IF(COUNT('Medidas Manuais'!$E$4:$E$25)=0,"",SUMIFS('Medidas Manuais'!$E$4:$E$25,'Medidas Manuais'!$B$4:$B$25,_xlfn.MAXIFS('Medidas Manuais'!$B$4:$B$25,'Medidas Manuais'!$E$4:$E$25,">0"))) | N17: =IF(COUNT('Medidas Manuais'!$E$4:$E$25)<2,"",SUMIFS('Medidas Manuais'!$E$4:$E$25,'Medidas Manuais'!$B$4:$B$25,_xlfn.MAXIFS('Medidas Manuais'!$B$4:$B$25,'Medidas Manuais'!$E$4:$E$25,">0"))-SUMIFS('Medidas Manuais'!$E$4:$E$25,'Medidas Manuais'!$B$4:$B$25,_xlfn.MINIFS('Medidas Manuais'!$B$4:$B$25,'Medidas Manuais'!$E$4:$E$25,">0")))
B20: =IF(COUNT('Medidas Manuais'!$C$4:$C$25)=0,"","medida em "&RIGHT("0"&DAY(_xlfn.MAXIFS('Medidas Manuais'!$B$4:$B$25,'Medidas Manuais'!$C$4:$C$25,">0")),2)&"/"&RIGHT("0"&MONTH(_xlfn.MAXIFS('Medidas Manuais'!$B$4:$B$25,'Medidas Manuais'!$C$4:$C$25,">0")),2)&"/"&YEAR(_xlfn.MAXIFS('Medidas Manuais'!$B$4:$B$25,'Medidas Manuais'!$C$4:$C$25,">0"))) | F20: ="última − primeira medição" | J20: =IF(COUNT('Medidas Manuais'!$E$4:$E$25)=0,"","medido em "&RIGHT("0"&DAY(_xlfn.MAXIFS('Medidas Manuais'!$B$4:$B$25,'Medidas Manuais'!$E$4:$E$25,">0")),2)&"/"&RIGHT("0"&MONTH(_xlfn.MAXIFS('Medidas Manuais'!$B$4:$B$25,'Medidas Manuais'!$E$4:$E$25,">0")),2)&"/"&YEAR(_xlfn.MAXIFS('Medidas Manuais'!$B$4:$B$25,'Medidas Manuais'!$E$4:$E$25,">0"))) | N20: ="última − primeira medição"
B98: Gráficos de peso, gordura e músculo: pontos = leituras; linha = média móvel de 7 dias. Cintura e pescoço: pontos = medições reais; tracejado = semanas sem medição (só visual, sem valores inventados). As escalas e os tracejados são recalculados em cada atualização.

Sheet Resumo Mensal
B1: Resumo mensal
B2: Atualizado em 11/10/2026 16:40
A3: Mês | B3: Início | C3: Fim | D3: Leituras | E3: Dias com medição | F3: Período parcial | G3: Peso médio (kg) | H3: Variação do peso (kg) | I3: Gordura média (%) | J3: Variação da gordura (pp) | K3: Músculo médio (kg) | L3: Massa gorda média (kg) | M3: Água média (%) | N3: Proteína média (%) | O3: Massa óssea média (kg) | P3: IMC médio | Q3: Gordura visceral média (índice) | R3: Idade corporal média (anos) | S3: Pontuação corporal média | T3: Cintura média (cm) | U3: Pescoço médio (cm)
A4: 46023 | B4: 46023 | C4: 46053 | D4: =COUNTIFS('Medições Corporais'!$A$4:$A$147,">="&$B4,'Medições Corporais'!$A$4:$A$147,"<"&$C4+1) | E4: =SUMPRODUCT(('Medições Corporais'!$Q$4:$Q$147>=$B4)*('Medições Corporais'!$Q$4:$Q$147<=$C4)/COUNTIF('Medições Corporais'!$Q$4:$Q$147,'Medições Corporais'!$Q$4:$Q$147)) | F4: =IF($D4=0,"",IF(OR($B4<DATE(2026,1,4),$C4>MAX('Medições Corporais'!$Q$4:$Q$147)),"Sim","Não")) | G4: =IF($D4=0,"",AVERAGEIFS('Medições Corporais'!$B$4:$B$147,'Medições Corporais'!$A$4:$A$147,">="&$B4,'Medições Corporais'!$A$4:$A$147,"<"&$C4+1)) | H4: ="" | I4: =IF($D4=0,"",AVERAGEIFS('Medições Corporais'!$D$4:$D$147,'Medições Corporais'!$A$4:$A$147,">="&$B4,'Medições Corporais'!$A$4:$A$147,"<"&$C4+1)) | J4: ="" | K4: =IF($D4=0,"",AVERAGEIFS('Medições Corporais'!$G$4:$G$147,'Medições Corporais'!$A$4:$A$147,">="&$B4,'Medições Corporais'!$A$4:$A$147,"<"&$C4+1)) | L4: =IF($D4=0,"",AVERAGEIFS('Medições Corporais'!$I$4:$I$147,'Medições Corporais'!$A$4:$A$147,">="&$B4,'Medições Corporais'!$A$4:$A$147,"<"&$C4+1)) | M4: =IF($D4=0,"",AVERAGEIFS('Medições Corporais'!$E$4:$E$147,'Medições Corporais'!$A$4:$A$147,">="&$B4,'Medições Corporais'!$A$4:$A$147,"<"&$C4+1)) | N4: =IF($D4=0,"",AVERAGEIFS('Medições Corporais'!$H$4:$H$147,'Medições Corporais'!$A$4:$A$147,">="&$B4,'Medições Corporais'!$A$4:$A$147,"<"&$C4+1)) | O4: =IF($D4=0,"",AVERAGEIFS('Medições Corporais'!$F$4:$F$147,'Medições Corporais'!$A$4:$A$147,">="&$B4,'Medições Corporais'!$A$4:$A$147,"<"&$C4+1)) | P4: =IF($D4=0,"",AVERAGEIFS('Medições Corporais'!$C$4:$C$147,'Medições Corporais'!$A$4:$A$147,">="&$B4,'Medições Corporais'!$A$4:$A$147,"<"&$C4+1)) | Q4: =IF($D4=0,"",AVERAGEIFS('Medições Corporais'!$J$4:$J$147,'Medições Corporais'!$A$4:$A$147,">="&$B4,'Medições Corporais'!$A$4:$A$147,"<"&$C4+1)) | R4: =IF($D4=0,"",AVERAGEIFS('Medições Corporais'!$L$4:$L$147,'Medições Corporais'!$A$4:$A$147,">="&$B4,'Medições Corporais'!$A$4:$A$147,"<"&$C4+1)) | S4: =IF($D4=0,"",AVERAGEIFS('Medições Corporais'!$M$4:$M$147,'Medições Corporais'!$A$4:$A$147,">="&$B4,'Medições Corporais'!$A$4:$A$147,"<"&$C4+1)) | T4: =IFERROR(AVERAGEIFS('Medidas Manuais'!$C$4:$C$25,'Medidas Manuais'!$B$4:$B$25,">="&$B4,'Medidas Manuais'!$B$4:$B$25,"<"&$C4+1),"") | U4: =IFERROR(AVERAGEIFS('Medidas Manuais'!$E$4:$E$25,'Medidas Manuais'!$B$4:$B$25,">="&$B4,'Medidas Manuais'!$B$4:$B$25,"<"&$C4+1),"")
A5: 46054 | B5: 46054 | C5: 46081 | D5: =COUNTIFS('Medições Corporais'!$A$4:$A$147,">="&$B5,'Medições Corporais'!$A$4:$A$147,"<"&$C5+1) | E5: =SUMPRODUCT(('Medições Corporais'!$Q$4:$Q$147>=$B5)*('Medições Corporais'!$Q$4:$Q$147<=$C5)/COUNTIF('Medições Corporais'!$Q$4:$Q$147,'Medições Corporais'!$Q$4:$Q$147)) | F5: =IF($D5=0,"",IF(OR($B5<DATE(2026,1,4),$C5>MAX('Medições Corporais'!$Q$4:$Q$147)),"Sim","Não")) | G5: =IF($D5=0,"",AVERAGEIFS('Medições Corporais'!$B$4:$B$147,'Medições Corporais'!$A$4:$A$147,">="&$B5,'Medições Corporais'!$A$4:$A$147,"<"&$C5+1)) | H5: =IF(OR(G5="",G4=""),"",G5-G4) | I5: =IF($D5=0,"",AVERAGEIFS('Medições Corporais'!$D$4:$D$147,'Medições Corporais'!$A$4:$A$147,">="&$B5,'Medições Corporais'!$A$4:$A$147,"<"&$C5+1)) | J5: =IF(OR(I5="",I4=""),"",I5-I4) | K5: =IF($D5=0,"",AVERAGEIFS('Medições Corporais'!$G$4:$G$147,'Medições Corporais'!$A$4:$A$147,">="&$B5,'Medições Corporais'!$A$4:$A$147,"<"&$C5+1)) | L5: =IF($D5=0,"",AVERAGEIFS('Medições Corporais'!$I$4:$I$147,'Medições Corporais'!$A$4:$A$147,">="&$B5,'Medições Corporais'!$A$4:$A$147,"<"&$C5+1)) | M5: =IF($D5=0,"",AVERAGEIFS('Medições Corporais'!$E$4:$E$147,'Medições Corporais'!$A$4:$A$147,">="&$B5,'Medições Corporais'!$A$4:$A$147,"<"&$C5+1)) | N5: =IF($D5=0,"",AVERAGEIFS('Medições Corporais'!$H$4:$H$147,'Medições Corporais'!$A$4:$A$147,">="&$B5,'Medições Corporais'!$A$4:$A$147,"<"&$C5+1)) | O5: =IF($D5=0,"",AVERAGEIFS('Medições Corporais'!$F$4:$F$147,'Medições Corporais'!$A$4:$A$147,">="&$B5,'Medições Corporais'!$A$4:$A$147,"<"&$C5+1)) | P5: =IF($D5=0,"",AVERAGEIFS('Medições Corporais'!$C$4:$C$147,'Medições Corporais'!$A$4:$A$147,">="&$B5,'Medições Corporais'!$A$4:$A$147,"<"&$C5+1)) | Q5: =IF($D5=0,"",AVERAGEIFS('Medições Corporais'!$J$4:$J$147,'Medições Corporais'!$A$4:$A$147,">="&$B5,'Medições Corporais'!$A$4:$A$147,"<"&$C5+1)) | R5: =IF($D5=0,"",AVERAGEIFS('Medições Corporais'!$L$4:$L$147,'Medições Corporais'!$A$4:$A$147,">="&$B5,'Medições Corporais'!$A$4:$A$147,"<"&$C5+1)) | S5: =IF($D5=0,"",AVERAGEIFS('Medições Corporais'!$M$4:$M$147,'Medições Corporais'!$A$4:$A$147,">="&$B5,'Medições Corporais'!$A$4:$A$147,"<"&$C5+1)) | T5: =IFERROR(AVERAGEIFS('Medidas Manuais'!$C$4:$C$25,'Medidas Manuais'!$B$4:$B$25,">="&$B5,'Medidas Manuais'!$B$4:$B$25,"<"&$C5+1),"") | U5: =IFERROR(AVERAGEIFS('Medidas Manuais'!$E$4:$E$25,'Medidas Manuais'!$B$4:$B$25,">="&$B5,'Medidas Manuais'!$B$4:$B$25,"<"&$C5+1),"")
A6: 46082 | B6: 46082 | C6: 46112 | D6: =COUNTIFS('Medições Corporais'!$A$4:$A$147,">="&$B6,'Medições Corporais'!$A$4:$A$147,"<"&$C6+1) | E6: =SUMPRODUCT(('Medições Corporais'!$Q$4:$Q$147>=$B6)*('Medições Corporais'!$Q$4:$Q$147<=$C6)/COUNTIF('Medições Corporais'!$Q$4:$Q$147,'Medições Corporais'!$Q$4:$Q$147)) | F6: =IF($D6=0,"",IF(OR($B6<DATE(2026,1,4),$C6>MAX('Medições Corporais'!$Q$4:$Q$147)),"Sim","Não")) | G6: =IF($D6=0,"",AVERAGEIFS('Medições Corporais'!$B$4:$B$147,'Medições Corporais'!$A$4:$A$147,">="&$B6,'Medições Corporais'!$A$4:$A$147,"<"&$C6+1)) | H6: =IF(OR(G6="",G5=""),"",G6-G5) | I6: =IF($D6=0,"",AVERAGEIFS('Medições Corporais'!$D$4:$D$147,'Medições Corporais'!$A$4:$A$147,">="&$B6,'Medições Corporais'!$A$4:$A$147,"<"&$C6+1)) | J6: =IF(OR(I6="",I5=""),"",I6-I5) | K6: =IF($D6=0,"",AVERAGEIFS('Medições Corporais'!$G$4:$G$147,'Medições Corporais'!$A$4:$A$147,">="&$B6,'Medições Corporais'!$A$4:$A$147,"<"&$C6+1)) | L6: =IF($D6=0,"",AVERAGEIFS('Medições Corporais'!$I$4:$I$147,'Medições Corporais'!$A$4:$A$147,">="&$B6,'Medições Corporais'!$A$4:$A$147,"<"&$C6+1)) | M6: =IF($D6=0,"",AVERAGEIFS('Medições Corporais'!$E$4:$E$147,'Medições Corporais'!$A$4:$A$147,">="&$B6,'Medições Corporais'!$A$4:$A$147,"<"&$C6+1)) | N6: =IF($D6=0,"",AVERAGEIFS('Medições Corporais'!$H$4:$H$147,'Medições Corporais'!$A$4:$A$147,">="&$B6,'Medições Corporais'!$A$4:$A$147,"<"&$C6+1)) | O6: =IF($D6=0,"",AVERAGEIFS('Medições Corporais'!$F$4:$F$147,'Medições Corporais'!$A$4:$A$147,">="&$B6,'Medições Corporais'!$A$4:$A$147,"<"&$C6+1)) | P6: =IF($D6=0,"",AVERAGEIFS('Medições Corporais'!$C$4:$C$147,'Medições Corporais'!$A$4:$A$147,">="&$B6,'Medições Corporais'!$A$4:$A$147,"<"&$C6+1)) | Q6: =IF($D6=0,"",AVERAGEIFS('Medições Corporais'!$J$4:$J$147,'Medições Corporais'!$A$4:$A$147,">="&$B6,'Medições Corporais'!$A$4:$A$147,"<"&$C6+1)) | R6: =IF($D6=0,"",AVERAGEIFS('Medições Corporais'!$L$4:$L$147,'Medições Corporais'!$A$4:$A$147,">="&$B6,'Medições Corporais'!$A$4:$A$147,"<"&$C6+1)) | S6: =IF($D6=0,"",AVERAGEIFS('Medições Corporais'!$M$4:$M$147,'Medições Corporais'!$A$4:$A$147,">="&$B6,'Medições Corporais'!$A$4:$A$147,"<"&$C6+1)) | T6: =IFERROR(AVERAGEIFS('Medidas Manuais'!$C$4:$C$25,'Medidas Manuais'!$B$4:$B$25,">="&$B6,'Medidas Manuais'!$B$4:$B$25,"<"&$C6+1),"") | U6: =IFERROR(AVERAGEIFS('Medidas Manuais'!$E$4:$E$25,'Medidas Manuais'!$B$4:$B$25,">="&$B6,'Medidas Manuais'!$B$4:$B$25,"<"&$C6+1),"")
A7: 46113 | B7: 46113 | C7: 46142 | D7: =COUNTIFS('Medições Corporais'!$A$4:$A$147,">="&$B7,'Medições Corporais'!$A$4:$A$147,"<"&$C7+1) | E7: =SUMPRODUCT(('Medições Corporais'!$Q$4:$Q$147>=$B7)*('Medições Corporais'!$Q$4:$Q$147<=$C7)/COUNTIF('Medições Corporais'!$Q$4:$Q$147,'Medições Corporais'!$Q$4:$Q$147)) | F7: =IF($D7=0,"",IF(OR($B7<DATE(2026,1,4),$C7>MAX('Medições Corporais'!$Q$4:$Q$147)),"Sim","Não")) | G7: =IF($D7=0,"",AVERAGEIFS('Medições Corporais'!$B$4:$B$147,'Medições Corporais'!$A$4:$A$147,">="&$B7,'Medições Corporais'!$A$4:$A$147,"<"&$C7+1)) | H7: =IF(OR(G7="",G6=""),"",G7-G6) | I7: =IF($D7=0,"",AVERAGEIFS('Medições Corporais'!$D$4:$D$147,'Medições Corporais'!$A$4:$A$147,">="&$B7,'Medições Corporais'!$A$4:$A$147,"<"&$C7+1)) | J7: =IF(OR(I7="",I6=""),"",I7-I6) | K7: =IF($D7=0,"",AVERAGEIFS('Medições Corporais'!$G$4:$G$147,'Medições Corporais'!$A$4:$A$147,">="&$B7,'Medições Corporais'!$A$4:$A$147,"<"&$C7+1)) | L7: =IF($D7=0,"",AVERAGEIFS('Medições Corporais'!$I$4:$I$147,'Medições Corporais'!$A$4:$A$147,">="&$B7,'Medições Corporais'!$A$4:$A$147,"<"&$C7+1)) | M7: =IF($D7=0,"",AVERAGEIFS('Medições Corporais'!$E$4:$E$147,'Medições Corporais'!$A$4:$A$147,">="&$B7,'Medições Corporais'!$A$4:$A$147,"<"&$C7+1)) | N7: =IF($D7=0,"",AVERAGEIFS('Medições Corporais'!$H$4:$H$147,'Medições Corporais'!$A$4:$A$147,">="&$B7,'Medições Corporais'!$A$4:$A$147,"<"&$C7+1)) | O7: =IF($D7=0,"",AVERAGEIFS('Medições Corporais'!$F$4:$F$147,'Medições Corporais'!$A$4:$A$147,">="&$B7,'Medições Corporais'!$A$4:$A$147,"<"&$C7+1)) | P7: =IF($D7=0,"",AVERAGEIFS('Medições Corporais'!$C$4:$C$147,'Medições Corporais'!$A$4:$A$147,">="&$B7,'Medições Corporais'!$A$4:$A$147,"<"&$C7+1)) | Q7: =IF($D7=0,"",AVERAGEIFS('Medições Corporais'!$J$4:$J$147,'Medições Corporais'!$A$4:$A$147,">="&$B7,'Medições Corporais'!$A$4:$A$147,"<"&$C7+1)) | R7: =IF($D7=0,"",AVERAGEIFS('Medições Corporais'!$L$4:$L$147,'Medições Corporais'!$A$4:$A$147,">="&$B7,'Medições Corporais'!$A$4:$A$147,"<"&$C7+1)) | S7: =IF($D7=0,"",AVERAGEIFS('Medições Corporais'!$M$4:$M$147,'Medições Corporais'!$A$4:$A$147,">="&$B7,'Medições Corporais'!$A$4:$A$147,"<"&$C7+1)) | T7: =IFERROR(AVERAGEIFS('Medidas Manuais'!$C$4:$C$25,'Medidas Manuais'!$B$4:$B$25,">="&$B7,'Medidas Manuais'!$B$4:$B$25,"<"&$C7+1),"") | U7: =IFERROR(AVERAGEIFS('Medidas Manuais'!$E$4:$E$25,'Medidas Manuais'!$B$4:$B$25,">="&$B7,'Medidas Manuais'!$B$4:$B$25,"<"&$C7+1),"")
A8: 46143 | B8: 46143 | C8: 46173 | D8: =COUNTIFS('Medições Corporais'!$A$4:$A$147,">="&$B8,'Medições Corporais'!$A$4:$A$147,"<"&$C8+1) | E8: =SUMPRODUCT(('Medições Corporais'!$Q$4:$Q$147>=$B8)*('Medições Corporais'!$Q$4:$Q$147<=$C8)/COUNTIF('Medições Corporais'!$Q$4:$Q$147,'Medições Corporais'!$Q$4:$Q$147)) | F8: =IF($D8=0,"",IF(OR($B8<DATE(2026,1,4),$C8>MAX('Medições Corporais'!$Q$4:$Q$147)),"Sim","Não")) | G8: =IF($D8=0,"",AVERAGEIFS('Medições Corporais'!$B$4:$B$147,'Medições Corporais'!$A$4:$A$147,">="&$B8,'Medições Corporais'!$A$4:$A$147,"<"&$C8+1)) | H8: =IF(OR(G8="",G7=""),"",G8-G7) | I8: =IF($D8=0,"",AVERAGEIFS('Medições Corporais'!$D$4:$D$147,'Medições Corporais'!$A$4:$A$147,">="&$B8,'Medições Corporais'!$A$4:$A$147,"<"&$C8+1)) | J8: =IF(OR(I8="",I7=""),"",I8-I7) | K8: =IF($D8=0,"",AVERAGEIFS('Medições Corporais'!$G$4:$G$147,'Medições Corporais'!$A$4:$A$147,">="&$B8,'Medições Corporais'!$A$4:$A$147,"<"&$C8+1)) | L8: =IF($D8=0,"",AVERAGEIFS('Medições Corporais'!$I$4:$I$147,'Medições Corporais'!$A$4:$A$147,">="&$B8,'Medições Corporais'!$A$4:$A$147,"<"&$C8+1)) | M8: =IF($D8=0,"",AVERAGEIFS('Medições Corporais'!$E$4:$E$147,'Medições Corporais'!$A$4:$A$147,">="&$B8,'Medições Corporais'!$A$4:$A$147,"<"&$C8+1)) | N8: =IF($D8=0,"",AVERAGEIFS('Medições Corporais'!$H$4:$H$147,'Medições Corporais'!$A$4:$A$147,">="&$B8,'Medições Corporais'!$A$4:$A$147,"<"&$C8+1)) | O8: =IF($D8=0,"",AVERAGEIFS('Medições Corporais'!$F$4:$F$147,'Medições Corporais'!$A$4:$A$147,">="&$B8,'Medições Corporais'!$A$4:$A$147,"<"&$C8+1)) | P8: =IF($D8=0,"",AVERAGEIFS('Medições Corporais'!$C$4:$C$147,'Medições Corporais'!$A$4:$A$147,">="&$B8,'Medições Corporais'!$A$4:$A$147,"<"&$C8+1)) | Q8: =IF($D8=0,"",AVERAGEIFS('Medições Corporais'!$J$4:$J$147,'Medições Corporais'!$A$4:$A$147,">="&$B8,'Medições Corporais'!$A$4:$A$147,"<"&$C8+1)) | R8: =IF($D8=0,"",AVERAGEIFS('Medições Corporais'!$L$4:$L$147,'Medições Corporais'!$A$4:$A$147,">="&$B8,'Medições Corporais'!$A$4:$A$147,"<"&$C8+1)) | S8: =IF($D8=0,"",AVERAGEIFS('Medições Corporais'!$M$4:$M$147,'Medições Corporais'!$A$4:$A$147,">="&$B8,'Medições Corporais'!$A$4:$A$147,"<"&$C8+1)) | T8: =IFERROR(AVERAGEIFS('Medidas Manuais'!$C$4:$C$25,'Medidas Manuais'!$B$4:$B$25,">="&$B8,'Medidas Manuais'!$B$4:$B$25,"<"&$C8+1),"") | U8: =IFERROR(AVERAGEIFS('Medidas Manuais'!$E$4:$E$25,'Medidas Manuais'!$B$4:$B$25,">="&$B8,'Medidas Manuais'!$B$4:$B$25,"<"&$C8+1),"")
A9: 46174 | B9: 46174 | C9: 46203 | D9: =COUNTIFS('Medições Corporais'!$A$4:$A$147,">="&$B9,'Medições Corporais'!$A$4:$A$147,"<"&$C9+1) | E9: =SUMPRODUCT(('Medições Corporais'!$Q$4:$Q$147>=$B9)*('Medições Corporais'!$Q$4:$Q$147<=$C9)/COUNTIF('Medições Corporais'!$Q$4:$Q$147,'Medições Corporais'!$Q$4:$Q$147)) | F9: =IF($D9=0,"",IF(OR($B9<DATE(2026,1,4),$C9>MAX('Medições Corporais'!$Q$4:$Q$147)),"Sim","Não")) | G9: =IF($D9=0,"",AVERAGEIFS('Medições Corporais'!$B$4:$B$147,'Medições Corporais'!$A$4:$A$147,">="&$B9,'Medições Corporais'!$A$4:$A$147,"<"&$C9+1)) | H9: =IF(OR(G9="",G8=""),"",G9-G8) | I9: =IF($D9=0,"",AVERAGEIFS('Medições Corporais'!$D$4:$D$147,'Medições Corporais'!$A$4:$A$147,">="&$B9,'Medições Corporais'!$A$4:$A$147,"<"&$C9+1)) | J9: =IF(OR(I9="",I8=""),"",I9-I8) | K9: =IF($D9=0,"",AVERAGEIFS('Medições Corporais'!$G$4:$G$147,'Medições Corporais'!$A$4:$A$147,">="&$B9,'Medições Corporais'!$A$4:$A$147,"<"&$C9+1)) | L9: =IF($D9=0,"",AVERAGEIFS('Medições Corporais'!$I$4:$I$147,'Medições Corporais'!$A$4:$A$147,">="&$B9,'Medições Corporais'!$A$4:$A$147,"<"&$C9+1)) | M9: =IF($D9=0,"",AVERAGEIFS('Medições Corporais'!$E$4:$E$147,'Medições Corporais'!$A$4:$A$147,">="&$B9,'Medições Corporais'!$A$4:$A$147,"<"&$C9+1)) | N9: =IF($D9=0,"",AVERAGEIFS('Medições Corporais'!$H$4:$H$147,'Medições Corporais'!$A$4:$A$147,">="&$B9,'Medições Corporais'!$A$4:$A$147,"<"&$C9+1)) | O9: =IF($D9=0,"",AVERAGEIFS('Medições Corporais'!$F$4:$F$147,'Medições Corporais'!$A$4:$A$147,">="&$B9,'Medições Corporais'!$A$4:$A$147,"<"&$C9+1)) | P9: =IF($D9=0,"",AVERAGEIFS('Medições Corporais'!$C$4:$C$147,'Medições Corporais'!$A$4:$A$147,">="&$B9,'Medições Corporais'!$A$4:$A$147,"<"&$C9+1)) | Q9: =IF($D9=0,"",AVERAGEIFS('Medições Corporais'!$J$4:$J$147,'Medições Corporais'!$A$4:$A$147,">="&$B9,'Medições Corporais'!$A$4:$A$147,"<"&$C9+1)) | R9: =IF($D9=0,"",AVERAGEIFS('Medições Corporais'!$L$4:$L$147,'Medições Corporais'!$A$4:$A$147,">="&$B9,'Medições Corporais'!$A$4:$A$147,"<"&$C9+1)) | S9: =IF($D9=0,"",AVERAGEIFS('Medições Corporais'!$M$4:$M$147,'Medições Corporais'!$A$4:$A$147,">="&$B9,'Medições Corporais'!$A$4:$A$147,"<"&$C9+1)) | T9: =IFERROR(AVERAGEIFS('Medidas Manuais'!$C$4:$C$25,'Medidas Manuais'!$B$4:$B$25,">="&$B9,'Medidas Manuais'!$B$4:$B$25,"<"&$C9+1),"") | U9: =IFERROR(AVERAGEIFS('Medidas Manuais'!$E$4:$E$25,'Medidas Manuais'!$B$4:$B$25,">="&$B9,'Medidas Manuais'!$B$4:$B$25,"<"&$C9+1),"")
B11: Médias aritméticas das leituras aceites do período (não médias diárias). Variação = média do período menos a do período anterior; gordura em pontos percentuais. 'Período parcial' = começa antes do início da transformação ou termina depois da última leitura. Cintura e pescoço: média das medições manuais com data nesse mês.

Sheet Resumo Semanal
B1: Resumo semanal (domingo a sábado)
B2: Atualizado em 11/10/2026 16:40
A3: Semana | B3: Início | C3: Fim | D3: Leituras | E3: Dias com medição | F3: Período parcial | G3: Peso médio (kg) | H3: Variação do peso (kg) | I3: Gordura média (%) | J3: Variação da gordura (pp) | K3: Músculo médio (kg) | L3: Massa gorda média (kg) | M3: Água média (%) | N3: Proteína média (%) | O3: Massa óssea média (kg) | P3: IMC médio | Q3: Gordura visceral média (índice) | R3: Idade corporal média (anos) | S3: Pontuação corporal média | T3: Cintura (cm) | U3: Variação da cintura (cm) | V3: Pescoço (cm)
A4: 04/01/2026 - 10/01/2026 | B4: 46026 | C4: 46032 | D4: =COUNTIFS('Medições Corporais'!$A$4:$A$147,">="&$B4,'Medições Corporais'!$A$4:$A$147,"<"&$C4+1) | E4: =SUMPRODUCT(('Medições Corporais'!$Q$4:$Q$147>=$B4)*('Medições Corporais'!$Q$4:$Q$147<=$C4)/COUNTIF('Medições Corporais'!$Q$4:$Q$147,'Medições Corporais'!$Q$4:$Q$147)) | F4: =IF($D4=0,"",IF(OR($B4<DATE(2026,1,4),$C4>MAX('Medições Corporais'!$Q$4:$Q$147)),"Sim","Não")) | G4: =IF($D4=0,"",AVERAGEIFS('Medições Corporais'!$B$4:$B$147,'Medições Corporais'!$A$4:$A$147,">="&$B4,'Medições Corporais'!$A$4:$A$147,"<"&$C4+1)) | H4: ="" | I4: =IF($D4=0,"",AVERAGEIFS('Medições Corporais'!$D$4:$D$147,'Medições Corporais'!$A$4:$A$147,">="&$B4,'Medições Corporais'!$A$4:$A$147,"<"&$C4+1)) | J4: ="" | K4: =IF($D4=0,"",AVERAGEIFS('Medições Corporais'!$G$4:$G$147,'Medições Corporais'!$A$4:$A$147,">="&$B4,'Medições Corporais'!$A$4:$A$147,"<"&$C4+1)) | L4: =IF($D4=0,"",AVERAGEIFS('Medições Corporais'!$I$4:$I$147,'Medições Corporais'!$A$4:$A$147,">="&$B4,'Medições Corporais'!$A$4:$A$147,"<"&$C4+1)) | M4: =IF($D4=0,"",AVERAGEIFS('Medições Corporais'!$E$4:$E$147,'Medições Corporais'!$A$4:$A$147,">="&$B4,'Medições Corporais'!$A$4:$A$147,"<"&$C4+1)) | N4: =IF($D4=0,"",AVERAGEIFS('Medições Corporais'!$H$4:$H$147,'Medições Corporais'!$A$4:$A$147,">="&$B4,'Medições Corporais'!$A$4:$A$147,"<"&$C4+1)) | O4: =IF($D4=0,"",AVERAGEIFS('Medições Corporais'!$F$4:$F$147,'Medições Corporais'!$A$4:$A$147,">="&$B4,'Medições Corporais'!$A$4:$A$147,"<"&$C4+1)) | P4: =IF($D4=0,"",AVERAGEIFS('Medições Corporais'!$C$4:$C$147,'Medições Corporais'!$A$4:$A$147,">="&$B4,'Medições Corporais'!$A$4:$A$147,"<"&$C4+1)) | Q4: =IF($D4=0,"",AVERAGEIFS('Medições Corporais'!$J$4:$J$147,'Medições Corporais'!$A$4:$A$147,">="&$B4,'Medições Corporais'!$A$4:$A$147,"<"&$C4+1)) | R4: =IF($D4=0,"",AVERAGEIFS('Medições Corporais'!$L$4:$L$147,'Medições Corporais'!$A$4:$A$147,">="&$B4,'Medições Corporais'!$A$4:$A$147,"<"&$C4+1)) | S4: =IF($D4=0,"",AVERAGEIFS('Medições Corporais'!$M$4:$M$147,'Medições Corporais'!$A$4:$A$147,">="&$B4,'Medições Corporais'!$A$4:$A$147,"<"&$C4+1)) | T4: =IFERROR(IF(INDEX('Medidas Manuais'!$C$4:$C$25,MATCH($A4,'Medidas Manuais'!$A$4:$A$25,0))="","",INDEX('Medidas Manuais'!$C$4:$C$25,MATCH($A4,'Medidas Manuais'!$A$4:$A$25,0))),"") | U4: =IFERROR(IF(INDEX('Medidas Manuais'!$D$4:$D$25,MATCH($A4,'Medidas Manuais'!$A$4:$A$25,0))="","",INDEX('Medidas Manuais'!$D$4:$D$25,MATCH($A4,'Medidas Manuais'!$A$4:$A$25,0))),"") | V4: =IFERROR(IF(INDEX('Medidas Manuais'!$E$4:$E$25,MATCH($A4,'Medidas Manuais'!$A$4:$A$25,0))="","",INDEX('Medidas Manuais'!$E$4:$E$25,MATCH($A4,'Medidas Manuais'!$A$4:$A$25,0))),"")
A5: 11/01/2026 - 17/01/2026 | B5: 46033 | C5: 46039 | D5: =COUNTIFS('Medições Corporais'!$A$4:$A$147,">="&$B5,'Medições Corporais'!$A$4:$A$147,"<"&$C5+1) | E5: =SUMPRODUCT(('Medições Corporais'!$Q$4:$Q$147>=$B5)*('Medições Corporais'!$Q$4:$Q$147<=$C5)/COUNTIF('Medições Corporais'!$Q$4:$Q$147,'Medições Corporais'!$Q$4:$Q$147)) | F5: =IF($D5=0,"",IF(OR($B5<DATE(2026,1,4),$C5>MAX('Medições Corporais'!$Q$4:$Q$147)),"Sim","Não")) | G5: =IF($D5=0,"",AVERAGEIFS('Medições Corporais'!$B$4:$B$147,'Medições Corporais'!$A$4:$A$147,">="&$B5,'Medições Corporais'!$A$4:$A$147,"<"&$C5+1)) | H5: =IF(OR(G5="",G4=""),"",G5-G4) | I5: =IF($D5=0,"",AVERAGEIFS('Medições Corporais'!$D$4:$D$147,'Medições Corporais'!$A$4:$A$147,">="&$B5,'Medições Corporais'!$A$4:$A$147,"<"&$C5+1)) | J5: =IF(OR(I5="",I4=""),"",I5-I4) | K5: =IF($D5=0,"",AVERAGEIFS('Medições Corporais'!$G$4:$G$147,'Medições Corporais'!$A$4:$A$147,">="&$B5,'Medições Corporais'!$A$4:$A$147,"<"&$C5+1)) | L5: =IF($D5=0,"",AVERAGEIFS('Medições Corporais'!$I$4:$I$147,'Medições Corporais'!$A$4:$A$147,">="&$B5,'Medições Corporais'!$A$4:$A$147,"<"&$C5+1)) | M5: =IF($D5=0,"",AVERAGEIFS('Medições Corporais'!$E$4:$E$147,'Medições Corporais'!$A$4:$A$147,">="&$B5,'Medições Corporais'!$A$4:$A$147,"<"&$C5+1)) | N5: =IF($D5=0,"",AVERAGEIFS('Medições Corporais'!$H$4:$H$147,'Medições Corporais'!$A$4:$A$147,">="&$B5,'Medições Corporais'!$A$4:$A$147,"<"&$C5+1)) | O5: =IF($D5=0,"",AVERAGEIFS('Medições Corporais'!$F$4:$F$147,'Medições Corporais'!$A$4:$A$147,">="&$B5,'Medições Corporais'!$A$4:$A$147,"<"&$C5+1)) | P5: =IF($D5=0,"",AVERAGEIFS('Medições Corporais'!$C$4:$C$147,'Medições Corporais'!$A$4:$A$147,">="&$B5,'Medições Corporais'!$A$4:$A$147,"<"&$C5+1)) | Q5: =IF($D5=0,"",AVERAGEIFS('Medições Corporais'!$J$4:$J$147,'Medições Corporais'!$A$4:$A$147,">="&$B5,'Medições Corporais'!$A$4:$A$147,"<"&$C5+1)) | R5: =IF($D5=0,"",AVERAGEIFS('Medições Corporais'!$L$4:$L$147,'Medições Corporais'!$A$4:$A$147,">="&$B5,'Medições Corporais'!$A$4:$A$147,"<"&$C5+1)) | S5: =IF($D5=0,"",AVERAGEIFS('Medições Corporais'!$M$4:$M$147,'Medições Corporais'!$A$4:$A$147,">="&$B5,'Medições Corporais'!$A$4:$A$147,"<"&$C5+1)) | T5: =IFERROR(IF(INDEX('Medidas Manuais'!$C$4:$C$25,MATCH($A5,'Medidas Manuais'!$A$4:$A$25,0))="","",INDEX('Medidas Manuais'!$C$4:$C$25,MATCH($A5,'Medidas Manuais'!$A$4:$A$25,0))),"") | U5: =IFERROR(IF(INDEX('Medidas Manuais'!$D$4:$D$25,MATCH($A5,'Medidas Manuais'!$A$4:$A$25,0))="","",INDEX('Medidas Manuais'!$D$4:$D$25,MATCH($A5,'Medidas Manuais'!$A$4:$A$25,0))),"") | V5: =IFERROR(IF(INDEX('Medidas Manuais'!$E$4:$E$25,MATCH($A5,'Medidas Manuais'!$A$4:$A$25,0))="","",INDEX('Medidas Manuais'!$E$4:$E$25,MATCH($A5,'Medidas Manuais'!$A$4:$A$25,0))),"")
A6: 18/01/2026 - 24/01/2026 | B6: 46040 | C6: 46046 | D6: =COUNTIFS('Medições Corporais'!$A$4:$A$147,">="&$B6,'Medições Corporais'!$A$4:$A$147,"<"&$C6+1) | E6: =SUMPRODUCT(('Medições Corporais'!$Q$4:$Q$147>=$B6)*('Medições Corporais'!$Q$4:$Q$147<=$C6)/COUNTIF('Medições Corporais'!$Q$4:$Q$147,'Medições Corporais'!$Q$4:$Q$147)) | F6: =IF($D6=0,"",IF(OR($B6<DATE(2026,1,4),$C6>MAX('Medições Corporais'!$Q$4:$Q$147)),"Sim","Não")) | G6: =IF($D6=0,"",AVERAGEIFS('Medições Corporais'!$B$4:$B$147,'Medições Corporais'!$A$4:$A$147,">="&$B6,'Medições Corporais'!$A$4:$A$147,"<"&$C6+1)) | H6: =IF(OR(G6="",G5=""),"",G6-G5) | I6: =IF($D6=0,"",AVERAGEIFS('Medições Corporais'!$D$4:$D$147,'Medições Corporais'!$A$4:$A$147,">="&$B6,'Medições Corporais'!$A$4:$A$147,"<"&$C6+1)) | J6: =IF(OR(I6="",I5=""),"",I6-I5) | K6: =IF($D6=0,"",AVERAGEIFS('Medições Corporais'!$G$4:$G$147,'Medições Corporais'!$A$4:$A$147,">="&$B6,'Medições Corporais'!$A$4:$A$147,"<"&$C6+1)) | L6: =IF($D6=0,"",AVERAGEIFS('Medições Corporais'!$I$4:$I$147,'Medições Corporais'!$A$4:$A$147,">="&$B6,'Medições Corporais'!$A$4:$A$147,"<"&$C6+1)) | M6: =IF($D6=0,"",AVERAGEIFS('Medições Corporais'!$E$4:$E$147,'Medições Corporais'!$A$4:$A$147,">="&$B6,'Medições Corporais'!$A$4:$A$147,"<"&$C6+1)) | N6: =IF($D6=0,"",AVERAGEIFS('Medições Corporais'!$H$4:$H$147,'Medições Corporais'!$A$4:$A$147,">="&$B6,'Medições Corporais'!$A$4:$A$147,"<"&$C6+1)) | O6: =IF($D6=0,"",AVERAGEIFS('Medições Corporais'!$F$4:$F$147,'Medições Corporais'!$A$4:$A$147,">="&$B6,'Medições Corporais'!$A$4:$A$147,"<"&$C6+1)) | P6: =IF($D6=0,"",AVERAGEIFS('Medições Corporais'!$C$4:$C$147,'Medições Corporais'!$A$4:$A$147,">="&$B6,'Medições Corporais'!$A$4:$A$147,"<"&$C6+1)) | Q6: =IF($D6=0,"",AVERAGEIFS('Medições Corporais'!$J$4:$J$147,'Medições Corporais'!$A$4:$A$147,">="&$B6,'Medições Corporais'!$A$4:$A$147,"<"&$C6+1)) | R6: =IF($D6=0,"",AVERAGEIFS('Medições Corporais'!$L$4:$L$147,'Medições Corporais'!$A$4:$A$147,">="&$B6,'Medições Corporais'!$A$4:$A$147,"<"&$C6+1)) | S6: =IF($D6=0,"",AVERAGEIFS('Medições Corporais'!$M$4:$M$147,'Medições Corporais'!$A$4:$A$147,">="&$B6,'Medições Corporais'!$A$4:$A$147,"<"&$C6+1)) | T6: =IFERROR(IF(INDEX('Medidas Manuais'!$C$4:$C$25,MATCH($A6,'Medidas Manuais'!$A$4:$A$25,0))="","",INDEX('Medidas Manuais'!$C$4:$C$25,MATCH($A6,'Medidas Manuais'!$A$4:$A$25,0))),"") | U6: =IFERROR(IF(INDEX('Medidas Manuais'!$D$4:$D$25,MATCH($A6,'Medidas Manuais'!$A$4:$A$25,0))="","",INDEX('Medidas Manuais'!$D$4:$D$25,MATCH($A6,'Medidas Manuais'!$A$4:$A$25,0))),"") | V6: =IFERROR(IF(INDEX('Medidas Manuais'!$E$4:$E$25,MATCH($A6,'Medidas Manuais'!$A$4:$A$25,0))="","",INDEX('Medidas Manuais'!$E$4:$E$25,MATCH($A6,'Medidas Manuais'!$A$4:$A$25,0))),"")
A7: 25/01/2026 - 31/01/2026 | B7: 46047 | C7: 46053 | D7: =COUNTIFS('Medições Corporais'!$A$4:$A$147,">="&$B7,'Medições Corporais'!$A$4:$A$147,"<"&$C7+1) | E7: =SUMPRODUCT(('Medições Corporais'!$Q$4:$Q$147>=$B7)*('Medições Corporais'!$Q$4:$Q$147<=$C7)/COUNTIF('Medições Corporais'!$Q$4:$Q$147,'Medições Corporais'!$Q$4:$Q$147)) | F7: =IF($D7=0,"",IF(OR($B7<DATE(2026,1,4),$C7>MAX('Medições Corporais'!$Q$4:$Q$147)),"Sim","Não")) | G7: =IF($D7=0,"",AVERAGEIFS('Medições Corporais'!$B$4:$B$147,'Medições Corporais'!$A$4:$A$147,">="&$B7,'Medições Corporais'!$A$4:$A$147,"<"&$C7+1)) | H7: =IF(OR(G7="",G6=""),"",G7-G6) | I7: =IF($D7=0,"",AVERAGEIFS('Medições Corporais'!$D$4:$D$147,'Medições Corporais'!$A$4:$A$147,">="&$B7,'Medições Corporais'!$A$4:$A$147,"<"&$C7+1)) | J7: =IF(OR(I7="",I6=""),"",I7-I6) | K7: =IF($D7=0,"",AVERAGEIFS('Medições Corporais'!$G$4:$G$147,'Medições Corporais'!$A$4:$A$147,">="&$B7,'Medições Corporais'!$A$4:$A$147,"<"&$C7+1)) | L7: =IF($D7=0,"",AVERAGEIFS('Medições Corporais'!$I$4:$I$147,'Medições Corporais'!$A$4:$A$147,">="&$B7,'Medições Corporais'!$A$4:$A$147,"<"&$C7+1)) | M7: =IF($D7=0,"",AVERAGEIFS('Medições Corporais'!$E$4:$E$147,'Medições Corporais'!$A$4:$A$147,">="&$B7,'Medições Corporais'!$A$4:$A$147,"<"&$C7+1)) | N7: =IF($D7=0,"",AVERAGEIFS('Medições Corporais'!$H$4:$H$147,'Medições Corporais'!$A$4:$A$147,">="&$B7,'Medições Corporais'!$A$4:$A$147,"<"&$C7+1)) | O7: =IF($D7=0,"",AVERAGEIFS('Medições Corporais'!$F$4:$F$147,'Medições Corporais'!$A$4:$A$147,">="&$B7,'Medições Corporais'!$A$4:$A$147,"<"&$C7+1)) | P7: =IF($D7=0,"",AVERAGEIFS('Medições Corporais'!$C$4:$C$147,'Medições Corporais'!$A$4:$A$147,">="&$B7,'Medições Corporais'!$A$4:$A$147,"<"&$C7+1)) | Q7: =IF($D7=0,"",AVERAGEIFS('Medições Corporais'!$J$4:$J$147,'Medições Corporais'!$A$4:$A$147,">="&$B7,'Medições Corporais'!$A$4:$A$147,"<"&$C7+1)) | R7: =IF($D7=0,"",AVERAGEIFS('Medições Corporais'!$L$4:$L$147,'Medições Corporais'!$A$4:$A$147,">="&$B7,'Medições Corporais'!$A$4:$A$147,"<"&$C7+1)) | S7: =IF($D7=0,"",AVERAGEIFS('Medições Corporais'!$M$4:$M$147,'Medições Corporais'!$A$4:$A$147,">="&$B7,'Medições Corporais'!$A$4:$A$147,"<"&$C7+1)) | T7: =IFERROR(IF(INDEX('Medidas Manuais'!$C$4:$C$25,MATCH($A7,'Medidas Manuais'!$A$4:$A$25,0))="","",INDEX('Medidas Manuais'!$C$4:$C$25,MATCH($A7,'Medidas Manuais'!$A$4:$A$25,0))),"") | U7: =IFERROR(IF(INDEX('Medidas Manuais'!$D$4:$D$25,MATCH($A7,'Medidas Manuais'!$A$4:$A$25,0))="","",INDEX('Medidas Manuais'!$D$4:$D$25,MATCH($A7,'Medidas Manuais'!$A$4:$A$25,0))),"") | V7: =IFERROR(IF(INDEX('Medidas Manuais'!$E$4:$E$25,MATCH($A7,'Medidas Manuais'!$A$4:$A$25,0))="","",INDEX('Medidas Manuais'!$E$4:$E$25,MATCH($A7,'Medidas Manuais'!$A$4:$A$25,0))),"")
A8: 01/02/2026 - 07/02/2026 | B8: 46054 | C8: 46060 | D8: =COUNTIFS('Medições Corporais'!$A$4:$A$147,">="&$B8,'Medições Corporais'!$A$4:$A$147,"<"&$C8+1) | E8: =SUMPRODUCT(('Medições Corporais'!$Q$4:$Q$147>=$B8)*('Medições Corporais'!$Q$4:$Q$147<=$C8)/COUNTIF('Medições Corporais'!$Q$4:$Q$147,'Medições Corporais'!$Q$4:$Q$147)) | F8: =IF($D8=0,"",IF(OR($B8<DATE(2026,1,4),$C8>MAX('Medições Corporais'!$Q$4:$Q$147)),"Sim","Não")) | G8: =IF($D8=0,"",AVERAGEIFS('Medições Corporais'!$B$4:$B$147,'Medições Corporais'!$A$4:$A$147,">="&$B8,'Medições Corporais'!$A$4:$A$147,"<"&$C8+1)) | H8: =IF(OR(G8="",G7=""),"",G8-G7) | I8: =IF($D8=0,"",AVERAGEIFS('Medições Corporais'!$D$4:$D$147,'Medições Corporais'!$A$4:$A$147,">="&$B8,'Medições Corporais'!$A$4:$A$147,"<"&$C8+1)) | J8: =IF(OR(I8="",I7=""),"",I8-I7) | K8: =IF($D8=0,"",AVERAGEIFS('Medições Corporais'!$G$4:$G$147,'Medições Corporais'!$A$4:$A$147,">="&$B8,'Medições Corporais'!$A$4:$A$147,"<"&$C8+1)) | L8: =IF($D8=0,"",AVERAGEIFS('Medições Corporais'!$I$4:$I$147,'Medições Corporais'!$A$4:$A$147,">="&$B8,'Medições Corporais'!$A$4:$A$147,"<"&$C8+1)) | M8: =IF($D8=0,"",AVERAGEIFS('Medições Corporais'!$E$4:$E$147,'Medições Corporais'!$A$4:$A$147,">="&$B8,'Medições Corporais'!$A$4:$A$147,"<"&$C8+1)) | N8: =IF($D8=0,"",AVERAGEIFS('Medições Corporais'!$H$4:$H$147,'Medições Corporais'!$A$4:$A$147,">="&$B8,'Medições Corporais'!$A$4:$A$147,"<"&$C8+1)) | O8: =IF($D8=0,"",AVERAGEIFS('Medições Corporais'!$F$4:$F$147,'Medições Corporais'!$A$4:$A$147,">="&$B8,'Medições Corporais'!$A$4:$A$147,"<"&$C8+1)) | P8: =IF($D8=0,"",AVERAGEIFS('Medições Corporais'!$C$4:$C$147,'Medições Corporais'!$A$4:$A$147,">="&$B8,'Medições Corporais'!$A$4:$A$147,"<"&$C8+1)) | Q8: =IF($D8=0,"",AVERAGEIFS('Medições Corporais'!$J$4:$J$147,'Medições Corporais'!$A$4:$A$147,">="&$B8,'Medições Corporais'!$A$4:$A$147,"<"&$C8+1)) | R8: =IF($D8=0,"",AVERAGEIFS('Medições Corporais'!$L$4:$L$147,'Medições Corporais'!$A$4:$A$147,">="&$B8,'Medições Corporais'!$A$4:$A$147,"<"&$C8+1)) | S8: =IF($D8=0,"",AVERAGEIFS('Medições Corporais'!$M$4:$M$147,'Medições Corporais'!$A$4:$A$147,">="&$B8,'Medições Corporais'!$A$4:$A$147,"<"&$C8+1)) | T8: =IFERROR(IF(INDEX('Medidas Manuais'!$C$4:$C$25,MATCH($A8,'Medidas Manuais'!$A$4:$A$25,0))="","",INDEX('Medidas Manuais'!$C$4:$C$25,MATCH($A8,'Medidas Manuais'!$A$4:$A$25,0))),"") | U8: =IFERROR(IF(INDEX('Medidas Manuais'!$D$4:$D$25,MATCH($A8,'Medidas Manuais'!$A$4:$A$25,0))="","",INDEX('Medidas Manuais'!$D$4:$D$25,MATCH($A8,'Medidas Manuais'!$A$4:$A$25,0))),"") | V8: =IFERROR(IF(INDEX('Medidas Manuais'!$E$4:$E$25,MATCH($A8,'Medidas Manuais'!$A$4:$A$25,0))="","",INDEX('Medidas Manuais'!$E$4:$E$25,MATCH($A8,'Medidas Manuais'!$A$4:$A$25,0))),"")
A9: 08/02/2026 - 14/02/2026 | B9: 46061 | C9: 46067 | D9: =COUNTIFS('Medições Corporais'!$A$4:$A$147,">="&$B9,'Medições Corporais'!$A$4:$A$147,"<"&$C9+1) | E9: =SUMPRODUCT(('Medições Corporais'!$Q$4:$Q$147>=$B9)*('Medições Corporais'!$Q$4:$Q$147<=$C9)/COUNTIF('Medições Corporais'!$Q$4:$Q$147,'Medições Corporais'!$Q$4:$Q$147)) | F9: =IF($D9=0,"",IF(OR($B9<DATE(2026,1,4),$C9>MAX('Medições Corporais'!$Q$4:$Q$147)),"Sim","Não")) | G9: =IF($D9=0,"",AVERAGEIFS('Medições Corporais'!$B$4:$B$147,'Medições Corporais'!$A$4:$A$147,">="&$B9,'Medições Corporais'!$A$4:$A$147,"<"&$C9+1)) | H9: =IF(OR(G9="",G8=""),"",G9-G8) | I9: =IF($D9=0,"",AVERAGEIFS('Medições Corporais'!$D$4:$D$147,'Medições Corporais'!$A$4:$A$147,">="&$B9,'Medições Corporais'!$A$4:$A$147,"<"&$C9+1)) | J9: =IF(OR(I9="",I8=""),"",I9-I8) | K9: =IF($D9=0,"",AVERAGEIFS('Medições Corporais'!$G$4:$G$147,'Medições Corporais'!$A$4:$A$147,">="&$B9,'Medições Corporais'!$A$4:$A$147,"<"&$C9+1)) | L9: =IF($D9=0,"",AVERAGEIFS('Medições Corporais'!$I$4:$I$147,'Medições Corporais'!$A$4:$A$147,">="&$B9,'Medições Corporais'!$A$4:$A$147,"<"&$C9+1)) | M9: =IF($D9=0,"",AVERAGEIFS('Medições Corporais'!$E$4:$E$147,'Medições Corporais'!$A$4:$A$147,">="&$B9,'Medições Corporais'!$A$4:$A$147,"<"&$C9+1)) | N9: =IF($D9=0,"",AVERAGEIFS('Medições Corporais'!$H$4:$H$147,'Medições Corporais'!$A$4:$A$147,">="&$B9,'Medições Corporais'!$A$4:$A$147,"<"&$C9+1)) | O9: =IF($D9=0,"",AVERAGEIFS('Medições Corporais'!$F$4:$F$147,'Medições Corporais'!$A$4:$A$147,">="&$B9,'Medições Corporais'!$A$4:$A$147,"<"&$C9+1)) | P9: =IF($D9=0,"",AVERAGEIFS('Medições Corporais'!$C$4:$C$147,'Medições Corporais'!$A$4:$A$147,">="&$B9,'Medições Corporais'!$A$4:$A$147,"<"&$C9+1)) | Q9: =IF($D9=0,"",AVERAGEIFS('Medições Corporais'!$J$4:$J$147,'Medições Corporais'!$A$4:$A$147,">="&$B9,'Medições Corporais'!$A$4:$A$147,"<"&$C9+1)) | R9: =IF($D9=0,"",AVERAGEIFS('Medições Corporais'!$L$4:$L$147,'Medições Corporais'!$A$4:$A$147,">="&$B9,'Medições Corporais'!$A$4:$A$147,"<"&$C9+1)) | S9: =IF($D9=0,"",AVERAGEIFS('Medições Corporais'!$M$4:$M$147,'Medições Corporais'!$A$4:$A$147,">="&$B9,'Medições Corporais'!$A$4:$A$147,"<"&$C9+1)) | T9: =IFERROR(IF(INDEX('Medidas Manuais'!$C$4:$C$25,MATCH($A9,'Medidas Manuais'!$A$4:$A$25,0))="","",INDEX('Medidas Manuais'!$C$4:$C$25,MATCH($A9,'Medidas Manuais'!$A$4:$A$25,0))),"") | U9: =IFERROR(IF(INDEX('Medidas Manuais'!$D$4:$D$25,MATCH($A9,'Medidas Manuais'!$A$4:$A$25,0))="","",INDEX('Medidas Manuais'!$D$4:$D$25,MATCH($A9,'Medidas Manuais'!$A$4:$A$25,0))),"") | V9: =IFERROR(IF(INDEX('Medidas Manuais'!$E$4:$E$25,MATCH($A9,'Medidas Manuais'!$A$4:$A$25,0))="","",INDEX('Medidas Manuais'!$E$4:$E$25,MATCH($A9,'Medidas Manuais'!$A$4:$A$25,0))),"")
A10: 15/02/2026 - 21/02/2026 | B10: 46068 | C10: 46074 | D10: =COUNTIFS('Medições Corporais'!$A$4:$A$147,">="&$B10,'Medições Corporais'!$A$4:$A$147,"<"&$C10+1) | E10: =SUMPRODUCT(('Medições Corporais'!$Q$4:$Q$147>=$B10)*('Medições Corporais'!$Q$4:$Q$147<=$C10)/COUNTIF('Medições Corporais'!$Q$4:$Q$147,'Medições Corporais'!$Q$4:$Q$147)) | F10: =IF($D10=0,"",IF(OR($B10<DATE(2026,1,4),$C10>MAX('Medições Corporais'!$Q$4:$Q$147)),"Sim","Não")) | G10: =IF($D10=0,"",AVERAGEIFS('Medições Corporais'!$B$4:$B$147,'Medições Corporais'!$A$4:$A$147,">="&$B10,'Medições Corporais'!$A$4:$A$147,"<"&$C10+1)) | H10: =IF(OR(G10="",G9=""),"",G10-G9) | I10: =IF($D10=0,"",AVERAGEIFS('Medições Corporais'!$D$4:$D$147,'Medições Corporais'!$A$4:$A$147,">="&$B10,'Medições Corporais'!$A$4:$A$147,"<"&$C10+1)) | J10: =IF(OR(I10="",I9=""),"",I10-I9) | K10: =IF($D10=0,"",AVERAGEIFS('Medições Corporais'!$G$4:$G$147,'Medições Corporais'!$A$4:$A$147,">="&$B10,'Medições Corporais'!$A$4:$A$147,"<"&$C10+1)) | L10: =IF($D10=0,"",AVERAGEIFS('Medições Corporais'!$I$4:$I$147,'Medições Corporais'!$A$4:$A$147,">="&$B10,'Medições Corporais'!$A$4:$A$147,"<"&$C10+1)) | M10: =IF($D10=0,"",AVERAGEIFS('Medições Corporais'!$E$4:$E$147,'Medições Corporais'!$A$4:$A$147,">="&$B10,'Medições Corporais'!$A$4:$A$147,"<"&$C10+1)) | N10: =IF($D10=0,"",AVERAGEIFS('Medições Corporais'!$H$4:$H$147,'Medições Corporais'!$A$4:$A$147,">="&$B10,'Medições Corporais'!$A$4:$A$147,"<"&$C10+1)) | O10: =IF($D10=0,"",AVERAGEIFS('Medições Corporais'!$F$4:$F$147,'Medições Corporais'!$A$4:$A$147,">="&$B10,'Medições Corporais'!$A$4:$A$147,"<"&$C10+1)) | P10: =IF($D10=0,"",AVERAGEIFS('Medições Corporais'!$C$4:$C$147,'Medições Corporais'!$A$4:$A$147,">="&$B10,'Medições Corporais'!$A$4:$A$147,"<"&$C10+1)) | Q10: =IF($D10=0,"",AVERAGEIFS('Medições Corporais'!$J$4:$J$147,'Medições Corporais'!$A$4:$A$147,">="&$B10,'Medições Corporais'!$A$4:$A$147,"<"&$C10+1)) | R10: =IF($D10=0,"",AVERAGEIFS('Medições Corporais'!$L$4:$L$147,'Medições Corporais'!$A$4:$A$147,">="&$B10,'Medições Corporais'!$A$4:$A$147,"<"&$C10+1)) | S10: =IF($D10=0,"",AVERAGEIFS('Medições Corporais'!$M$4:$M$147,'Medições Corporais'!$A$4:$A$147,">="&$B10,'Medições Corporais'!$A$4:$A$147,"<"&$C10+1)) | T10: =IFERROR(IF(INDEX('Medidas Manuais'!$C$4:$C$25,MATCH($A10,'Medidas Manuais'!$A$4:$A$25,0))="","",INDEX('Medidas Manuais'!$C$4:$C$25,MATCH($A10,'Medidas Manuais'!$A$4:$A$25,0))),"") | U10: =IFERROR(IF(INDEX('Medidas Manuais'!$D$4:$D$25,MATCH($A10,'Medidas Manuais'!$A$4:$A$25,0))="","",INDEX('Medidas Manuais'!$D$4:$D$25,MATCH($A10,'Medidas Manuais'!$A$4:$A$25,0))),"") | V10: =IFERROR(IF(INDEX('Medidas Manuais'!$E$4:$E$25,MATCH($A10,'Medidas Manuais'!$A$4:$A$25,0))="","",INDEX('Medidas Manuais'!$E$4:$E$25,MATCH($A10,'Medidas Manuais'!$A$4:$A$25,0))),"")
A11: 22/02/2026 - 28/02/2026 | B11: 46075 | C11: 46081 | D11: =COUNTIFS('Medições Corporais'!$A$4:$A$147,">="&$B11,'Medições Corporais'!$A$4:$A$147,"<"&$C11+1) | E11: =SUMPRODUCT(('Medições Corporais'!$Q$4:$Q$147>=$B11)*('Medições Corporais'!$Q$4:$Q$147<=$C11)/COUNTIF('Medições Corporais'!$Q$4:$Q$147,'Medições Corporais'!$Q$4:$Q$147)) | F11: =IF($D11=0,"",IF(OR($B11<DATE(2026,1,4),$C11>MAX('Medições Corporais'!$Q$4:$Q$147)),"Sim","Não")) | G11: =IF($D11=0,"",AVERAGEIFS('Medições Corporais'!$B$4:$B$147,'Medições Corporais'!$A$4:$A$147,">="&$B11,'Medições Corporais'!$A$4:$A$147,"<"&$C11+1)) | H11: =IF(OR(G11="",G10=""),"",G11-G10) | I11: =IF($D11=0,"",AVERAGEIFS('Medições Corporais'!$D$4:$D$147,'Medições Corporais'!$A$4:$A$147,">="&$B11,'Medições Corporais'!$A$4:$A$147,"<"&$C11+1)) | J11: =IF(OR(I11="",I10=""),"",I11-I10) | K11: =IF($D11=0,"",AVERAGEIFS('Medições Corporais'!$G$4:$G$147,'Medições Corporais'!$A$4:$A$147,">="&$B11,'Medições Corporais'!$A$4:$A$147,"<"&$C11+1)) | L11: =IF($D11=0,"",AVERAGEIFS('Medições Corporais'!$I$4:$I$147,'Medições Corporais'!$A$4:$A$147,">="&$B11,'Medições Corporais'!$A$4:$A$147,"<"&$C11+1)) | M11: =IF($D11=0,"",AVERAGEIFS('Medições Corporais'!$E$4:$E$147,'Medições Corporais'!$A$4:$A$147,">="&$B11,'Medições Corporais'!$A$4:$A$147,"<"&$C11+1)) | N11: =IF($D11=0,"",AVERAGEIFS('Medições Corporais'!$H$4:$H$147,'Medições Corporais'!$A$4:$A$147,">="&$B11,'Medições Corporais'!$A$4:$A$147,"<"&$C11+1)) | O11: =IF($D11=0,"",AVERAGEIFS('Medições Corporais'!$F$4:$F$147,'Medições Corporais'!$A$4:$A$147,">="&$B11,'Medições Corporais'!$A$4:$A$147,"<"&$C11+1)) | P11: =IF($D11=0,"",AVERAGEIFS('Medições Corporais'!$C$4:$C$147,'Medições Corporais'!$A$4:$A$147,">="&$B11,'Medições Corporais'!$A$4:$A$147,"<"&$C11+1)) | Q11: =IF($D11=0,"",AVERAGEIFS('Medições Corporais'!$J$4:$J$147,'Medições Corporais'!$A$4:$A$147,">="&$B11,'Medições Corporais'!$A$4:$A$147,"<"&$C11+1)) | R11: =IF($D11=0,"",AVERAGEIFS('Medições Corporais'!$L$4:$L$147,'Medições Corporais'!$A$4:$A$147,">="&$B11,'Medições Corporais'!$A$4:$A$147,"<"&$C11+1)) | S11: =IF($D11=0,"",AVERAGEIFS('Medições Corporais'!$M$4:$M$147,'Medições Corporais'!$A$4:$A$147,">="&$B11,'Medições Corporais'!$A$4:$A$147,"<"&$C11+1)) | T11: =IFERROR(IF(INDEX('Medidas Manuais'!$C$4:$C$25,MATCH($A11,'Medidas Manuais'!$A$4:$A$25,0))="","",INDEX('Medidas Manuais'!$C$4:$C$25,MATCH($A11,'Medidas Manuais'!$A$4:$A$25,0))),"") | U11: =IFERROR(IF(INDEX('Medidas Manuais'!$D$4:$D$25,MATCH($A11,'Medidas Manuais'!$A$4:$A$25,0))="","",INDEX('Medidas Manuais'!$D$4:$D$25,MATCH($A11,'Medidas Manuais'!$A$4:$A$25,0))),"") | V11: =IFERROR(IF(INDEX('Medidas Manuais'!$E$4:$E$25,MATCH($A11,'Medidas Manuais'!$A$4:$A$25,0))="","",INDEX('Medidas Manuais'!$E$4:$E$25,MATCH($A11,'Medidas Manuais'!$A$4:$A$25,0))),"")
A12: 01/03/2026 - 07/03/2026 | B12: 46082 | C12: 46088 | D12: =COUNTIFS('Medições Corporais'!$A$4:$A$147,">="&$B12,'Medições Corporais'!$A$4:$A$147,"<"&$C12+1) | E12: =SUMPRODUCT(('Medições Corporais'!$Q$4:$Q$147>=$B12)*('Medições Corporais'!$Q$4:$Q$147<=$C12)/COUNTIF('Medições Corporais'!$Q$4:$Q$147,'Medições Corporais'!$Q$4:$Q$147)) | F12: =IF($D12=0,"",IF(OR($B12<DATE(2026,1,4),$C12>MAX('Medições Corporais'!$Q$4:$Q$147)),"Sim","Não")) | G12: =IF($D12=0,"",AVERAGEIFS('Medições Corporais'!$B$4:$B$147,'Medições Corporais'!$A$4:$A$147,">="&$B12,'Medições Corporais'!$A$4:$A$147,"<"&$C12+1)) | H12: =IF(OR(G12="",G11=""),"",G12-G11) | I12: =IF($D12=0,"",AVERAGEIFS('Medições Corporais'!$D$4:$D$147,'Medições Corporais'!$A$4:$A$147,">="&$B12,'Medições Corporais'!$A$4:$A$147,"<"&$C12+1)) | J12: =IF(OR(I12="",I11=""),"",I12-I11) | K12: =IF($D12=0,"",AVERAGEIFS('Medições Corporais'!$G$4:$G$147,'Medições Corporais'!$A$4:$A$147,">="&$B12,'Medições Corporais'!$A$4:$A$147,"<"&$C12+1)) | L12: =IF($D12=0,"",AVERAGEIFS('Medições Corporais'!$I$4:$I$147,'Medições Corporais'!$A$4:$A$147,">="&$B12,'Medições Corporais'!$A$4:$A$147,"<"&$C12+1)) | M12: =IF($D12=0,"",AVERAGEIFS('Medições Corporais'!$E$4:$E$147,'Medições Corporais'!$A$4:$A$147,">="&$B12,'Medições Corporais'!$A$4:$A$147,"<"&$C12+1)) | N12: =IF($D12=0,"",AVERAGEIFS('Medições Corporais'!$H$4:$H$147,'Medições Corporais'!$A$4:$A$147,">="&$B12,'Medições Corporais'!$A$4:$A$147,"<"&$C12+1)) | O12: =IF($D12=0,"",AVERAGEIFS('Medições Corporais'!$F$4:$F$147,'Medições Corporais'!$A$4:$A$147,">="&$B12,'Medições Corporais'!$A$4:$A$147,"<"&$C12+1)) | P12: =IF($D12=0,"",AVERAGEIFS('Medições Corporais'!$C$4:$C$147,'Medições Corporais'!$A$4:$A$147,">="&$B12,'Medições Corporais'!$A$4:$A$147,"<"&$C12+1)) | Q12: =IF($D12=0,"",AVERAGEIFS('Medições Corporais'!$J$4:$J$147,'Medições Corporais'!$A$4:$A$147,">="&$B12,'Medições Corporais'!$A$4:$A$147,"<"&$C12+1)) | R12: =IF($D12=0,"",AVERAGEIFS('Medições Corporais'!$L$4:$L$147,'Medições Corporais'!$A$4:$A$147,">="&$B12,'Medições Corporais'!$A$4:$A$147,"<"&$C12+1)) | S12: =IF($D12=0,"",AVERAGEIFS('Medições Corporais'!$M$4:$M$147,'Medições Corporais'!$A$4:$A$147,">="&$B12,'Medições Corporais'!$A$4:$A$147,"<"&$C12+1)) | T12: =IFERROR(IF(INDEX('Medidas Manuais'!$C$4:$C$25,MATCH($A12,'Medidas Manuais'!$A$4:$A$25,0))="","",INDEX('Medidas Manuais'!$C$4:$C$25,MATCH($A12,'Medidas Manuais'!$A$4:$A$25,0))),"") | U12: =IFERROR(IF(INDEX('Medidas Manuais'!$D$4:$D$25,MATCH($A12,'Medidas Manuais'!$A$4:$A$25,0))="","",INDEX('Medidas Manuais'!$D$4:$D$25,MATCH($A12,'Medidas Manuais'!$A$4:$A$25,0))),"") | V12: =IFERROR(IF(INDEX('Medidas Manuais'!$E$4:$E$25,MATCH($A12,'Medidas Manuais'!$A$4:$A$25,0))="","",INDEX('Medidas Manuais'!$E$4:$E$25,MATCH($A12,'Medidas Manuais'!$A$4:$A$25,0))),"")
A13: 08/03/2026 - 14/03/2026 | B13: 46089 | C13: 46095 | D13: =COUNTIFS('Medições Corporais'!$A$4:$A$147,">="&$B13,'Medições Corporais'!$A$4:$A$147,"<"&$C13+1) | E13: =SUMPRODUCT(('Medições Corporais'!$Q$4:$Q$147>=$B13)*('Medições Corporais'!$Q$4:$Q$147<=$C13)/COUNTIF('Medições Corporais'!$Q$4:$Q$147,'Medições Corporais'!$Q$4:$Q$147)) | F13: =IF($D13=0,"",IF(OR($B13<DATE(2026,1,4),$C13>MAX('Medições Corporais'!$Q$4:$Q$147)),"Sim","Não")) | G13: =IF($D13=0,"",AVERAGEIFS('Medições Corporais'!$B$4:$B$147,'Medições Corporais'!$A$4:$A$147,">="&$B13,'Medições Corporais'!$A$4:$A$147,"<"&$C13+1)) | H13: =IF(OR(G13="",G12=""),"",G13-G12) | I13: =IF($D13=0,"",AVERAGEIFS('Medições Corporais'!$D$4:$D$147,'Medições Corporais'!$A$4:$A$147,">="&$B13,'Medições Corporais'!$A$4:$A$147,"<"&$C13+1)) | J13: =IF(OR(I13="",I12=""),"",I13-I12) | K13: =IF($D13=0,"",AVERAGEIFS('Medições Corporais'!$G$4:$G$147,'Medições Corporais'!$A$4:$A$147,">="&$B13,'Medições Corporais'!$A$4:$A$147,"<"&$C13+1)) | L13: =IF($D13=0,"",AVERAGEIFS('Medições Corporais'!$I$4:$I$147,'Medições Corporais'!$A$4:$A$147,">="&$B13,'Medições Corporais'!$A$4:$A$147,"<"&$C13+1)) | M13: =IF($D13=0,"",AVERAGEIFS('Medições Corporais'!$E$4:$E$147,'Medições Corporais'!$A$4:$A$147,">="&$B13,'Medições Corporais'!$A$4:$A$147,"<"&$C13+1)) | N13: =IF($D13=0,"",AVERAGEIFS('Medições Corporais'!$H$4:$H$147,'Medições Corporais'!$A$4:$A$147,">="&$B13,'Medições Corporais'!$A$4:$A$147,"<"&$C13+1)) | O13: =IF($D13=0,"",AVERAGEIFS('Medições Corporais'!$F$4:$F$147,'Medições Corporais'!$A$4:$A$147,">="&$B13,'Medições Corporais'!$A$4:$A$147,"<"&$C13+1)) | P13: =IF($D13=0,"",AVERAGEIFS('Medições Corporais'!$C$4:$C$147,'Medições Corporais'!$A$4:$A$147,">="&$B13,'Medições Corporais'!$A$4:$A$147,"<"&$C13+1)) | Q13: =IF($D13=0,"",AVERAGEIFS('Medições Corporais'!$J$4:$J$147,'Medições Corporais'!$A$4:$A$147,">="&$B13,'Medições Corporais'!$A$4:$A$147,"<"&$C13+1)) | R13: =IF($D13=0,"",AVERAGEIFS('Medições Corporais'!$L$4:$L$147,'Medições Corporais'!$A$4:$A$147,">="&$B13,'Medições Corporais'!$A$4:$A$147,"<"&$C13+1)) | S13: =IF($D13=0,"",AVERAGEIFS('Medições Corporais'!$M$4:$M$147,'Medições Corporais'!$A$4:$A$147,">="&$B13,'Medições Corporais'!$A$4:$A$147,"<"&$C13+1)) | T13: =IFERROR(IF(INDEX('Medidas Manuais'!$C$4:$C$25,MATCH($A13,'Medidas Manuais'!$A$4:$A$25,0))="","",INDEX('Medidas Manuais'!$C$4:$C$25,MATCH($A13,'Medidas Manuais'!$A$4:$A$25,0))),"") | U13: =IFERROR(IF(INDEX('Medidas Manuais'!$D$4:$D$25,MATCH($A13,'Medidas Manuais'!$A$4:$A$25,0))="","",INDEX('Medidas Manuais'!$D$4:$D$25,MATCH($A13,'Medidas Manuais'!$A$4:$A$25,0))),"") | V13: =IFERROR(IF(INDEX('Medidas Manuais'!$E$4:$E$25,MATCH($A13,'Medidas Manuais'!$A$4:$A$25,0))="","",INDEX('Medidas Manuais'!$E$4:$E$25,MATCH($A13,'Medidas Manuais'!$A$4:$A$25,0))),"")
A14: 15/03/2026 - 21/03/2026 | B14: 46096 | C14: 46102 | D14: =COUNTIFS('Medições Corporais'!$A$4:$A$147,">="&$B14,'Medições Corporais'!$A$4:$A$147,"<"&$C14+1) | E14: =SUMPRODUCT(('Medições Corporais'!$Q$4:$Q$147>=$B14)*('Medições Corporais'!$Q$4:$Q$147<=$C14)/COUNTIF('Medições Corporais'!$Q$4:$Q$147,'Medições Corporais'!$Q$4:$Q$147)) | F14: =IF($D14=0,"",IF(OR($B14<DATE(2026,1,4),$C14>MAX('Medições Corporais'!$Q$4:$Q$147)),"Sim","Não")) | G14: =IF($D14=0,"",AVERAGEIFS('Medições Corporais'!$B$4:$B$147,'Medições Corporais'!$A$4:$A$147,">="&$B14,'Medições Corporais'!$A$4:$A$147,"<"&$C14+1)) | H14: =IF(OR(G14="",G13=""),"",G14-G13) | I14: =IF($D14=0,"",AVERAGEIFS('Medições Corporais'!$D$4:$D$147,'Medições Corporais'!$A$4:$A$147,">="&$B14,'Medições Corporais'!$A$4:$A$147,"<"&$C14+1)) | J14: =IF(OR(I14="",I13=""),"",I14-I13) | K14: =IF($D14=0,"",AVERAGEIFS('Medições Corporais'!$G$4:$G$147,'Medições Corporais'!$A$4:$A$147,">="&$B14,'Medições Corporais'!$A$4:$A$147,"<"&$C14+1)) | L14: =IF($D14=0,"",AVERAGEIFS('Medições Corporais'!$I$4:$I$147,'Medições Corporais'!$A$4:$A$147,">="&$B14,'Medições Corporais'!$A$4:$A$147,"<"&$C14+1)) | M14: =IF($D14=0,"",AVERAGEIFS('Medições Corporais'!$E$4:$E$147,'Medições Corporais'!$A$4:$A$147,">="&$B14,'Medições Corporais'!$A$4:$A$147,"<"&$C14+1)) | N14: =IF($D14=0,"",AVERAGEIFS('Medições Corporais'!$H$4:$H$147,'Medições Corporais'!$A$4:$A$147,">="&$B14,'Medições Corporais'!$A$4:$A$147,"<"&$C14+1)) | O14: =IF($D14=0,"",AVERAGEIFS('Medições Corporais'!$F$4:$F$147,'Medições Corporais'!$A$4:$A$147,">="&$B14,'Medições Corporais'!$A$4:$A$147,"<"&$C14+1)) | P14: =IF($D14=0,"",AVERAGEIFS('Medições Corporais'!$C$4:$C$147,'Medições Corporais'!$A$4:$A$147,">="&$B14,'Medições Corporais'!$A$4:$A$147,"<"&$C14+1)) | Q14: =IF($D14=0,"",AVERAGEIFS('Medições Corporais'!$J$4:$J$147,'Medições Corporais'!$A$4:$A$147,">="&$B14,'Medições Corporais'!$A$4:$A$147,"<"&$C14+1)) | R14: =IF($D14=0,"",AVERAGEIFS('Medições Corporais'!$L$4:$L$147,'Medições Corporais'!$A$4:$A$147,">="&$B14,'Medições Corporais'!$A$4:$A$147,"<"&$C14+1)) | S14: =IF($D14=0,"",AVERAGEIFS('Medições Corporais'!$M$4:$M$147,'Medições Corporais'!$A$4:$A$147,">="&$B14,'Medições Corporais'!$A$4:$A$147,"<"&$C14+1)) | T14: =IFERROR(IF(INDEX('Medidas Manuais'!$C$4:$C$25,MATCH($A14,'Medidas Manuais'!$A$4:$A$25,0))="","",INDEX('Medidas Manuais'!$C$4:$C$25,MATCH($A14,'Medidas Manuais'!$A$4:$A$25,0))),"") | U14: =IFERROR(IF(INDEX('Medidas Manuais'!$D$4:$D$25,MATCH($A14,'Medidas Manuais'!$A$4:$A$25,0))="","",INDEX('Medidas Manuais'!$D$4:$D$25,MATCH($A14,'Medidas Manuais'!$A$4:$A$25,0))),"") | V14: =IFERROR(IF(INDEX('Medidas Manuais'!$E$4:$E$25,MATCH($A14,'Medidas Manuais'!$A$4:$A$25,0))="","",INDEX('Medidas Manuais'!$E$4:$E$25,MATCH($A14,'Medidas Manuais'!$A$4:$A$25,0))),"")
A15: 22/03/2026 - 28/03/2026 | B15: 46103 | C15: 46109 | D15: =COUNTIFS('Medições Corporais'!$A$4:$A$147,">="&$B15,'Medições Corporais'!$A$4:$A$147,"<"&$C15+1) | E15: =SUMPRODUCT(('Medições Corporais'!$Q$4:$Q$147>=$B15)*('Medições Corporais'!$Q$4:$Q$147<=$C15)/COUNTIF('Medições Corporais'!$Q$4:$Q$147,'Medições Corporais'!$Q$4:$Q$147)) | F15: =IF($D15=0,"",IF(OR($B15<DATE(2026,1,4),$C15>MAX('Medições Corporais'!$Q$4:$Q$147)),"Sim","Não")) | G15: =IF($D15=0,"",AVERAGEIFS('Medições Corporais'!$B$4:$B$147,'Medições Corporais'!$A$4:$A$147,">="&$B15,'Medições Corporais'!$A$4:$A$147,"<"&$C15+1)) | H15: =IF(OR(G15="",G14=""),"",G15-G14) | I15: =IF($D15=0,"",AVERAGEIFS('Medições Corporais'!$D$4:$D$147,'Medições Corporais'!$A$4:$A$147,">="&$B15,'Medições Corporais'!$A$4:$A$147,"<"&$C15+1)) | J15: =IF(OR(I15="",I14=""),"",I15-I14) | K15: =IF($D15=0,"",AVERAGEIFS('Medições Corporais'!$G$4:$G$147,'Medições Corporais'!$A$4:$A$147,">="&$B15,'Medições Corporais'!$A$4:$A$147,"<"&$C15+1)) | L15: =IF($D15=0,"",AVERAGEIFS('Medições Corporais'!$I$4:$I$147,'Medições Corporais'!$A$4:$A$147,">="&$B15,'Medições Corporais'!$A$4:$A$147,"<"&$C15+1)) | M15: =IF($D15=0,"",AVERAGEIFS('Medições Corporais'!$E$4:$E$147,'Medições Corporais'!$A$4:$A$147,">="&$B15,'Medições Corporais'!$A$4:$A$147,"<"&$C15+1)) | N15: =IF($D15=0,"",AVERAGEIFS('Medições Corporais'!$H$4:$H$147,'Medições Corporais'!$A$4:$A$147,">="&$B15,'Medições Corporais'!$A$4:$A$147,"<"&$C15+1)) | O15: =IF($D15=0,"",AVERAGEIFS('Medições Corporais'!$F$4:$F$147,'Medições Corporais'!$A$4:$A$147,">="&$B15,'Medições Corporais'!$A$4:$A$147,"<"&$C15+1)) | P15: =IF($D15=0,"",AVERAGEIFS('Medições Corporais'!$C$4:$C$147,'Medições Corporais'!$A$4:$A$147,">="&$B15,'Medições Corporais'!$A$4:$A$147,"<"&$C15+1)) | Q15: =IF($D15=0,"",AVERAGEIFS('Medições Corporais'!$J$4:$J$147,'Medições Corporais'!$A$4:$A$147,">="&$B15,'Medições Corporais'!$A$4:$A$147,"<"&$C15+1)) | R15: =IF($D15=0,"",AVERAGEIFS('Medições Corporais'!$L$4:$L$147,'Medições Corporais'!$A$4:$A$147,">="&$B15,'Medições Corporais'!$A$4:$A$147,"<"&$C15+1)) | S15: =IF($D15=0,"",AVERAGEIFS('Medições Corporais'!$M$4:$M$147,'Medições Corporais'!$A$4:$A$147,">="&$B15,'Medições Corporais'!$A$4:$A$147,"<"&$C15+1)) | T15: =IFERROR(IF(INDEX('Medidas Manuais'!$C$4:$C$25,MATCH($A15,'Medidas Manuais'!$A$4:$A$25,0))="","",INDEX('Medidas Manuais'!$C$4:$C$25,MATCH($A15,'Medidas Manuais'!$A$4:$A$25,0))),"") | U15: =IFERROR(IF(INDEX('Medidas Manuais'!$D$4:$D$25,MATCH($A15,'Medidas Manuais'!$A$4:$A$25,0))="","",INDEX('Medidas Manuais'!$D$4:$D$25,MATCH($A15,'Medidas Manuais'!$A$4:$A$25,0))),"") | V15: =IFERROR(IF(INDEX('Medidas Manuais'!$E$4:$E$25,MATCH($A15,'Medidas Manuais'!$A$4:$A$25,0))="","",INDEX('Medidas Manuais'!$E$4:$E$25,MATCH($A15,'Medidas Manuais'!$A$4:$A$25,0))),"")
A16: 29/03/2026 - 04/04/2026 | B16: 46110 | C16: 46116 | D16: =COUNTIFS('Medições Corporais'!$A$4:$A$147,">="&$B16,'Medições Corporais'!$A$4:$A$147,"<"&$C16+1) | E16: =SUMPRODUCT(('Medições Corporais'!$Q$4:$Q$147>=$B16)*('Medições Corporais'!$Q$4:$Q$147<=$C16)/COUNTIF('Medições Corporais'!$Q$4:$Q$147,'Medições Corporais'!$Q$4:$Q$147)) | F16: =IF($D16=0,"",IF(OR($B16<DATE(2026,1,4),$C16>MAX('Medições Corporais'!$Q$4:$Q$147)),"Sim","Não")) | G16: =IF($D16=0,"",AVERAGEIFS('Medições Corporais'!$B$4:$B$147,'Medições Corporais'!$A$4:$A$147,">="&$B16,'Medições Corporais'!$A$4:$A$147,"<"&$C16+1)) | H16: =IF(OR(G16="",G15=""),"",G16-G15) | I16: =IF($D16=0,"",AVERAGEIFS('Medições Corporais'!$D$4:$D$147,'Medições Corporais'!$A$4:$A$147,">="&$B16,'Medições Corporais'!$A$4:$A$147,"<"&$C16+1)) | J16: =IF(OR(I16="",I15=""),"",I16-I15) | K16: =IF($D16=0,"",AVERAGEIFS('Medições Corporais'!$G$4:$G$147,'Medições Corporais'!$A$4:$A$147,">="&$B16,'Medições Corporais'!$A$4:$A$147,"<"&$C16+1)) | L16: =IF($D16=0,"",AVERAGEIFS('Medições Corporais'!$I$4:$I$147,'Medições Corporais'!$A$4:$A$147,">="&$B16,'Medições Corporais'!$A$4:$A$147,"<"&$C16+1)) | M16: =IF($D16=0,"",AVERAGEIFS('Medições Corporais'!$E$4:$E$147,'Medições Corporais'!$A$4:$A$147,">="&$B16,'Medições Corporais'!$A$4:$A$147,"<"&$C16+1)) | N16: =IF($D16=0,"",AVERAGEIFS('Medições Corporais'!$H$4:$H$147,'Medições Corporais'!$A$4:$A$147,">="&$B16,'Medições Corporais'!$A$4:$A$147,"<"&$C16+1)) | O16: =IF($D16=0,"",AVERAGEIFS('Medições Corporais'!$F$4:$F$147,'Medições Corporais'!$A$4:$A$147,">="&$B16,'Medições Corporais'!$A$4:$A$147,"<"&$C16+1)) | P16: =IF($D16=0,"",AVERAGEIFS('Medições Corporais'!$C$4:$C$147,'Medições Corporais'!$A$4:$A$147,">="&$B16,'Medições Corporais'!$A$4:$A$147,"<"&$C16+1)) | Q16: =IF($D16=0,"",AVERAGEIFS('Medições Corporais'!$J$4:$J$147,'Medições Corporais'!$A$4:$A$147,">="&$B16,'Medições Corporais'!$A$4:$A$147,"<"&$C16+1)) | R16: =IF($D16=0,"",AVERAGEIFS('Medições Corporais'!$L$4:$L$147,'Medições Corporais'!$A$4:$A$147,">="&$B16,'Medições Corporais'!$A$4:$A$147,"<"&$C16+1)) | S16: =IF($D16=0,"",AVERAGEIFS('Medições Corporais'!$M$4:$M$147,'Medições Corporais'!$A$4:$A$147,">="&$B16,'Medições Corporais'!$A$4:$A$147,"<"&$C16+1)) | T16: =IFERROR(IF(INDEX('Medidas Manuais'!$C$4:$C$25,MATCH($A16,'Medidas Manuais'!$A$4:$A$25,0))="","",INDEX('Medidas Manuais'!$C$4:$C$25,MATCH($A16,'Medidas Manuais'!$A$4:$A$25,0))),"") | U16: =IFERROR(IF(INDEX('Medidas Manuais'!$D$4:$D$25,MATCH($A16,'Medidas Manuais'!$A$4:$A$25,0))="","",INDEX('Medidas Manuais'!$D$4:$D$25,MATCH($A16,'Medidas Manuais'!$A$4:$A$25,0))),"") | V16: =IFERROR(IF(INDEX('Medidas Manuais'!$E$4:$E$25,MATCH($A16,'Medidas Manuais'!$A$4:$A$25,0))="","",INDEX('Medidas Manuais'!$E$4:$E$25,MATCH($A16,'Medidas Manuais'!$A$4:$A$25,0))),"")
... A25: 31/05/2026 - 06/06/2026 | B25: 46173 | C25: 46179 | D25: =COUNTIFS('Medições Corporais'!$A$4:$A$147,">="&$B25,'Medições Corporais'!$A$4:$A$147,"<"&$C25+1) | E25: =SUMPRODUCT(('Medições Corporais'!$Q$4:$Q$147>=$B25)*('Medições Corporais'!$Q$4:$Q$147<=$C25)/COUNTIF('Medições Corporais'!$Q$4:$Q$147,'Medições Corporais'!$Q$4:$Q$147)) | F25: =IF($D25=0,"",IF(OR($B25<DATE(2026,1,4),$C25>MAX('Medições Corporais'!$Q$4:$Q$147)),"Sim","Não")) | G25: =IF($D25=0,"",AVERAGEIFS('Medições Corporais'!$B$4:$B$147,'Medições Corporais'!$A$4:$A$147,">="&$B25,'Medições Corporais'!$A$4:$A$147,"<"&$C25+1)) | H25: =IF(OR(G25="",G24=""),"",G25-G24) | I25: =IF($D25=0,"",AVERAGEIFS('Medições Corporais'!$D$4:$D$147,'Medições Corporais'!$A$4:$A$147,">="&$B25,'Medições Corporais'!$A$4:$A$147,"<"&$C25+1)) | J25: =IF(OR(I25="",I24=""),"",I25-I24) | K25: =IF($D25=0,"",AVERAGEIFS('Medições Corporais'!$G$4:$G$147,'Medições Corporais'!$A$4:$A$147,">="&$B25,'Medições Corporais'!$A$4:$A$147,"<"&$C25+1)) | L25: =IF($D25=0,"",AVERAGEIFS('Medições Corporais'!$I$4:$I$147,'Medições Corporais'!$A$4:$A$147,">="&$B25,'Medições Corporais'!$A$4:$A$147,"<"&$C25+1)) | M25: =IF($D25=0,"",AVERAGEIFS('Medições Corporais'!$E$4:$E$147,'Medições Corporais'!$A$4:$A$147,">="&$B25,'Medições Corporais'!$A$4:$A$147,"<"&$C25+1)) | N25: =IF($D25=0,"",AVERAGEIFS('Medições Corporais'!$H$4:$H$147,'Medições Corporais'!$A$4:$A$147,">="&$B25,'Medições Corporais'!$A$4:$A$147,"<"&$C25+1)) | O25: =IF($D25=0,"",AVERAGEIFS('Medições Corporais'!$F$4:$F$147,'Medições Corporais'!$A$4:$A$147,">="&$B25,'Medições Corporais'!$A$4:$A$147,"<"&$C25+1)) | P25: =IF($D25=0,"",AVERAGEIFS('Medições Corporais'!$C$4:$C$147,'Medições Corporais'!$A$4:$A$147,">="&$B25,'Medições Corporais'!$A$4:$A$147,"<"&$C25+1)) | Q25: =IF($D25=0,"",AVERAGEIFS('Medições Corporais'!$J$4:$J$147,'Medições Corporais'!$A$4:$A$147,">="&$B25,'Medições Corporais'!$A$4:$A$147,"<"&$C25+1)) | R25: =IF($D25=0,"",AVERAGEIFS('Medições Corporais'!$L$4:$L$147,'Medições Corporais'!$A$4:$A$147,">="&$B25,'Medições Corporais'!$A$4:$A$147,"<"&$C25+1)) | S25: =IF($D25=0,"",AVERAGEIFS('Medições Corporais'!$M$4:$M$147,'Medições Corporais'!$A$4:$A$147,">="&$B25,'Medições Corporais'!$A$4:$A$147,"<"&$C25+1)) | T25: =IFERROR(IF(INDEX('Medidas Manuais'!$C$4:$C$25,MATCH($A25,'Medidas Manuais'!$A$4:$A$25,0))="","",INDEX('Medidas Manuais'!$C$4:$C$25,MATCH($A25,'Medidas Manuais'!$A$4:$A$25,0))),"") | U25: =IFERROR(IF(INDEX('Medidas Manuais'!$D$4:$D$25,MATCH($A25,'Medidas Manuais'!$A$4:$A$25,0))="","",INDEX('Medidas Manuais'!$D$4:$D$25,MATCH($A25,'Medidas Manuais'!$A$4:$A$25,0))),"") | V25: =IFERROR(IF(INDEX('Medidas Manuais'!$E$4:$E$25,MATCH($A25,'Medidas Manuais'!$A$4:$A$25,0))="","",INDEX('Medidas Manuais'!$E$4:$E$25,MATCH($A25,'Medidas Manuais'!$A$4:$A$25,0))),"")
B27: Médias aritméticas das leituras aceites do período (não médias diárias). Variação = média do período menos a do período anterior; gordura em pontos percentuais. 'Período parcial' = começa antes do início da transformação ou termina depois da última leitura. Cintura: diferença face à medição anterior disponível.

Sheet Medidas Manuais
A1: Medidas manuais semanais
A2: Preencha as células amarelas (cintura ao nível do umbigo, pescoço). A data tem de pertencer à semana. Guarde e feche o Excel antes de atualizar.
A3: Semana | B3: Data da medição | C3: Cintura (cm) | D3: Variação da cintura (cm) | E3: Pescoço (cm) | F3: Estado | G3: Observações
A4: 04/01/2026 - 10/01/2026 | B4: 46026 | C4: 96 | D4: =IF(OR(C4="",COUNTIFS(B$4:B$25,"<"&B4,C$4:C$25,">0")=0),"",C4-SUMIFS(C$4:C$25,B$4:B$25,_xlfn.MAXIFS(B$4:B$25,B$4:B$25,"<"&B4,C$4:C$25,">0"))) | E4: 40 | F4: =IF(AND(C4="",E4=""),IF(G4<>"","Sem medição","Por preencher"),IF(AND(C4<>"",E4<>""),"Completa","Incompleta")) | G4: Leituras — cintura: 95,9 - 96 - 96; pescoço: 40 - 40 - 39,9
A5: 11/01/2026 - 17/01/2026 | B5: 46033 | C5: 95.4 | D5: =IF(OR(C5="",COUNTIFS(B$4:B$25,"<"&B5,C$4:C$25,">0")=0),"",C5-SUMIFS(C$4:C$25,B$4:B$25,_xlfn.MAXIFS(B$4:B$25,B$4:B$25,"<"&B5,C$4:C$25,">0"))) | E5: 39.9 | F5: =IF(AND(C5="",E5=""),IF(G5<>"","Sem medição","Por preencher"),IF(AND(C5<>"",E5<>""),"Completa","Incompleta")) | G5: Leituras — cintura: 95,3 - 95,5 - 95,3; pescoço: 39,9 - 40 - 39,9
A6: 18/01/2026 - 24/01/2026 | B6: 46040 | C6: 94.8 | D6: =IF(OR(C6="",COUNTIFS(B$4:B$25,"<"&B6,C$4:C$25,">0")=0),"",C6-SUMIFS(C$4:C$25,B$4:B$25,_xlfn.MAXIFS(B$4:B$25,B$4:B$25,"<"&B6,C$4:C$25,">0"))) | E6: 39.9 | F6: =IF(AND(C6="",E6=""),IF(G6<>"","Sem medição","Por preencher"),IF(AND(C6<>"",E6<>""),"Completa","Incompleta")) | G6: Leituras — cintura: 94,9 - 94,8 - 94,8; pescoço: 39,8 - 39,9 - 39,9
A7: 25/01/2026 - 31/01/2026 | B7: 46047 | C7: 94.3 | D7: =IF(OR(C7="",COUNTIFS(B$4:B$25,"<"&B7,C$4:C$25,">0")=0),"",C7-SUMIFS(C$4:C$25,B$4:B$25,_xlfn.MAXIFS(B$4:B$25,B$4:B$25,"<"&B7,C$4:C$25,">0"))) | E7: 39.8 | F7: =IF(AND(C7="",E7=""),IF(G7<>"","Sem medição","Por preencher"),IF(AND(C7<>"",E7<>""),"Completa","Incompleta")) | G7: Leituras — cintura: 94,2 - 94,3 - 94,3; pescoço: 39,7 - 39,8 - 39,8
A8: 01/02/2026 - 07/02/2026 | B8: 46054 | D8: =IF(OR(C8="",COUNTIFS(B$4:B$25,"<"&B8,C$4:C$25,">0")=0),"",C8-SUMIFS(C$4:C$25,B$4:B$25,_xlfn.MAXIFS(B$4:B$25,B$4:B$25,"<"&B8,C$4:C$25,">0"))) | F8: =IF(AND(C8="",E8=""),IF(G8<>"","Sem medição","Por preencher"),IF(AND(C8<>"",E8<>""),"Completa","Incompleta")) | G8: Sem medição: esqueci-me
A9: 08/02/2026 - 14/02/2026 | B9: 46061 | C9: 93 | D9: =IF(OR(C9="",COUNTIFS(B$4:B$25,"<"&B9,C$4:C$25,">0")=0),"",C9-SUMIFS(C$4:C$25,B$4:B$25,_xlfn.MAXIFS(B$4:B$25,B$4:B$25,"<"&B9,C$4:C$25,">0"))) | E9: 39.6 | F9: =IF(AND(C9="",E9=""),IF(G9<>"","Sem medição","Por preencher"),IF(AND(C9<>"",E9<>""),"Completa","Incompleta")) | G9: Leituras — cintura: 92,9 - 92,9 - 93,1; pescoço: 39,6 - 39,6 - 39,7
A10: 15/02/2026 - 21/02/2026 | B10: 46068 | D10: =IF(OR(C10="",COUNTIFS(B$4:B$25,"<"&B10,C$4:C$25,">0")=0),"",C10-SUMIFS(C$4:C$25,B$4:B$25,_xlfn.MAXIFS(B$4:B$25,B$4:B$25,"<"&B10,C$4:C$25,">0"))) | F10: =IF(AND(C10="",E10=""),IF(G10<>"","Sem medição","Por preencher"),IF(AND(C10<>"",E10<>""),"Completa","Incompleta"))
A11: 22/02/2026 - 28/02/2026 | B11: 46075 | D11: =IF(OR(C11="",COUNTIFS(B$4:B$25,"<"&B11,C$4:C$25,">0")=0),"",C11-SUMIFS(C$4:C$25,B$4:B$25,_xlfn.MAXIFS(B$4:B$25,B$4:B$25,"<"&B11,C$4:C$25,">0"))) | F11: =IF(AND(C11="",E11=""),IF(G11<>"","Sem medição","Por preencher"),IF(AND(C11<>"",E11<>""),"Completa","Incompleta"))
A12: 01/03/2026 - 07/03/2026 | B12: 46082 | C12: 91.3 | D12: =IF(OR(C12="",COUNTIFS(B$4:B$25,"<"&B12,C$4:C$25,">0")=0),"",C12-SUMIFS(C$4:C$25,B$4:B$25,_xlfn.MAXIFS(B$4:B$25,B$4:B$25,"<"&B12,C$4:C$25,">0"))) | E12: 39.4 | F12: =IF(AND(C12="",E12=""),IF(G12<>"","Sem medição","Por preencher"),IF(AND(C12<>"",E12<>""),"Completa","Incompleta")) | G12: Leituras — cintura: 91,3 - 91,3 - 91,2; pescoço: 39,4 - 39,3 - 39,4
A13: 08/03/2026 - 14/03/2026 | B13: 46089 | C13: 90.6 | D13: =IF(OR(C13="",COUNTIFS(B$4:B$25,"<"&B13,C$4:C$25,">0")=0),"",C13-SUMIFS(C$4:C$25,B$4:B$25,_xlfn.MAXIFS(B$4:B$25,B$4:B$25,"<"&B13,C$4:C$25,">0"))) | E13: 39.3 | F13: =IF(AND(C13="",E13=""),IF(G13<>"","Sem medição","Por preencher"),IF(AND(C13<>"",E13<>""),"Completa","Incompleta")) | G13: Leituras — cintura: 90,7 - 90,5 - 90,5; pescoço: 39,2 - 39,4 - 39,3
A14: 15/03/2026 - 21/03/2026 | B14: 46096 | C14: 90 | D14: =IF(OR(C14="",COUNTIFS(B$4:B$25,"<"&B14,C$4:C$25,">0")=0),"",C14-SUMIFS(C$4:C$25,B$4:B$25,_xlfn.MAXIFS(B$4:B$25,B$4:B$25,"<"&B14,C$4:C$25,">0"))) | E14: 39.2 | F14: =IF(AND(C14="",E14=""),IF(G14<>"","Sem medição","Por preencher"),IF(AND(C14<>"",E14<>""),"Completa","Incompleta")) | G14: Leituras — cintura: 90 - 89,9 - 90; pescoço: 39,2 - 39,2 - 39,2
A15: 22/03/2026 - 28/03/2026 | B15: 46103 | C15: 89.5 | D15: =IF(OR(C15="",COUNTIFS(B$4:B$25,"<"&B15,C$4:C$25,">0")=0),"",C15-SUMIFS(C$4:C$25,B$4:B$25,_xlfn.MAXIFS(B$4:B$25,B$4:B$25,"<"&B15,C$4:C$25,">0"))) | E15: 39.2 | F15: =IF(AND(C15="",E15=""),IF(G15<>"","Sem medição","Por preencher"),IF(AND(C15<>"",E15<>""),"Completa","Incompleta")) | G15: Leituras — cintura: 89,4 - 89,5 - 89,5; pescoço: 39,2 - 39,2 - 39,2
A16: 29/03/2026 - 04/04/2026 | B16: 46110 | C16: 88.8 | D16: =IF(OR(C16="",COUNTIFS(B$4:B$25,"<"&B16,C$4:C$25,">0")=0),"",C16-SUMIFS(C$4:C$25,B$4:B$25,_xlfn.MAXIFS(B$4:B$25,B$4:B$25,"<"&B16,C$4:C$25,">0"))) | E16: 39.1 | F16: =IF(AND(C16="",E16=""),IF(G16<>"","Sem medição","Por preencher"),IF(AND(C16<>"",E16<>""),"Completa","Incompleta")) | G16: Leituras — cintura: 88,9 - 88,7 - 88,9; pescoço: 39,1 - 39,1 - 39,1
A17: 05/04/2026 - 11/04/2026 | B17: 46117 | C17: 88.2 | D17: =IF(OR(C17="",COUNTIFS(B$4:B$25,"<"&B17,C$4:C$25,">0")=0),"",C17-SUMIFS(C$4:C$25,B$4:B$25,_xlfn.MAXIFS(B$4:B$25,B$4:B$25,"<"&B17,C$4:C$25,">0"))) | E17: 38.9 | F17: =IF(AND(C17="",E17=""),IF(G17<>"","Sem medição","Por preencher"),IF(AND(C17<>"",E17<>""),"Completa","Incompleta")) | G17: Leituras — cintura: 88,3 - 88,1 - 88,3; pescoço: 39 - 38,9 - 38,9
A18: 12/04/2026 - 18/04/2026 | B18: 46124 | C18: 87.6 | D18: =IF(OR(C18="",COUNTIFS(B$4:B$25,"<"&B18,C$4:C$25,">0")=0),"",C18-SUMIFS(C$4:C$25,B$4:B$25,_xlfn.MAXIFS(B$4:B$25,B$4:B$25,"<"&B18,C$4:C$25,">0"))) | E18: 38.9 | F18: =IF(AND(C18="",E18=""),IF(G18<>"","Sem medição","Por preencher"),IF(AND(C18<>"",E18<>""),"Completa","Incompleta")) | G18: Leituras — cintura: 87,7 - 87,7 - 87,5; pescoço: 38,9 - 38,9 - 38,8
A19: 19/04/2026 - 25/04/2026 | B19: 46131 | C19: 87 | D19: =IF(OR(C19="",COUNTIFS(B$4:B$25,"<"&B19,C$4:C$25,">0")=0),"",C19-SUMIFS(C$4:C$25,B$4:B$25,_xlfn.MAXIFS(B$4:B$25,B$4:B$25,"<"&B19,C$4:C$25,">0"))) | E19: 38.7 | F19: =IF(AND(C19="",E19=""),IF(G19<>"","Sem medição","Por preencher"),IF(AND(C19<>"",E19<>""),"Completa","Incompleta")) | G19: Leituras — cintura: 86,9 - 87,1 - 87,1; pescoço: 38,7 - 38,8 - 38,7
A20: 26/04/2026 - 02/05/2026 | B20: 46138 | C20: 86.4 | D20: =IF(OR(C20="",COUNTIFS(B$4:B$25,"<"&B20,C$4:C$25,">0")=0),"",C20-SUMIFS(C$4:C$25,B$4:B$25,_xlfn.MAXIFS(B$4:B$25,B$4:B$25,"<"&B20,C$4:C$25,">0"))) | E20: 38.8 | F20: =IF(AND(C20="",E20=""),IF(G20<>"","Sem medição","Por preencher"),IF(AND(C20<>"",E20<>""),"Completa","Incompleta")) | G20: Leituras — cintura: 86,5 - 86,3 - 86,5; pescoço: 38,8 - 38,7 - 38,8
A21: 03/05/2026 - 09/05/2026 | B21: 46145 | C21: 85.7 | D21: =IF(OR(C21="",COUNTIFS(B$4:B$25,"<"&B21,C$4:C$25,">0")=0),"",C21-SUMIFS(C$4:C$25,B$4:B$25,_xlfn.MAXIFS(B$4:B$25,B$4:B$25,"<"&B21,C$4:C$25,">0"))) | E21: 38.6 | F21: =IF(AND(C21="",E21=""),IF(G21<>"","Sem medição","Por preencher"),IF(AND(C21<>"",E21<>""),"Completa","Incompleta")) | G21: Leituras — cintura: 85,7 - 85,7 - 85,8; pescoço: 38,5 - 38,6 - 38,6
A22: 10/05/2026 - 16/05/2026 | B22: 46152 | C22: 85.1 | D22: =IF(OR(C22="",COUNTIFS(B$4:B$25,"<"&B22,C$4:C$25,">0")=0),"",C22-SUMIFS(C$4:C$25,B$4:B$25,_xlfn.MAXIFS(B$4:B$25,B$4:B$25,"<"&B22,C$4:C$25,">0"))) | E22: 38.6 | F22: =IF(AND(C22="",E22=""),IF(G22<>"","Sem medição","Por preencher"),IF(AND(C22<>"",E22<>""),"Completa","Incompleta")) | G22: Leituras — cintura: 85,2 - 85,1 - 85,1; pescoço: 38,6 - 38,5 - 38,7
A23: 17/05/2026 - 23/05/2026 | B23: 46159 | C23: 84.6 | D23: =IF(OR(C23="",COUNTIFS(B$4:B$25,"<"&B23,C$4:C$25,">0")=0),"",C23-SUMIFS(C$4:C$25,B$4:B$25,_xlfn.MAXIFS(B$4:B$25,B$4:B$25,"<"&B23,C$4:C$25,">0"))) | E23: 38.5 | F23: =IF(AND(C23="",E23=""),IF(G23<>"","Sem medição","Por preencher"),IF(AND(C23<>"",E23<>""),"Completa","Incompleta")) | G23: Leituras — cintura: 84,7 - 84,6 - 84,6; pescoço: 38,5 - 38,5 - 38,5
A24: 24/05/2026 - 30/05/2026 | B24: 46166 | D24: =IF(OR(C24="",COUNTIFS(B$4:B$25,"<"&B24,C$4:C$25,">0")=0),"",C24-SUMIFS(C$4:C$25,B$4:B$25,_xlfn.MAXIFS(B$4:B$25,B$4:B$25,"<"&B24,C$4:C$25,">0"))) | F24: =IF(AND(C24="",E24=""),IF(G24<>"","Sem medição","Por preencher"),IF(AND(C24<>"",E24<>""),"Completa","Incompleta"))
A25: 31/05/2026 - 06/06/2026 | B25: 46173 | D25: =IF(OR(C25="",COUNTIFS(B$4:B$25,"<"&B25,C$4:C$25,">0")=0),"",C25-SUMIFS(C$4:C$25,B$4:B$25,_xlfn.MAXIFS(B$4:B$25,B$4:B$25,"<"&B25,C$4:C$25,">0"))) | F25: =IF(AND(C25="",E25=""),IF(G25<>"","Sem medição","Por preencher"),IF(AND(C25<>"",E25<>""),"Completa","Incompleta"))

Sheet Medições Corporais
A1: Medições corporais completas desde 04/01/2026
A2: 144 leituras aceites · Atualizado em 11/10/2026 16:40 · fórmulas: massa gorda e médias móveis de 7 dias
A3: Data/hora | B3: Peso (kg) | C3: IMC | D3: Gordura (%) | E3: Água corporal (%) | F3: Massa óssea (kg) | G3: Massa muscular (kg) | H3: Proteína (%) | I3: Massa gorda (kg) | J3: Gordura visceral (índice) | K3: Metabolismo basal (kcal/dia) | L3: Idade corporal (anos) | M3: Pontuação corporal | N3: Peso, média 7 dias (kg) | O3: Gordura, média 7 dias (%) | P3: Músculo, média 7 dias (kg) | Q3: Dia | R3: Instante UTC
A4: 46026.44 | B4: 83.93 | C4: 26.491218 | D4: 25.3 | E4: 52.3 | F4: 3.1 | G4: 59.64 | H4: 19.5 | I4: =IF(D4="","",B4*D4/100) | J4: 9 | K4: 1678 | L4: 30 | M4: 80 | N4: =AVERAGEIFS($B$4:$B$147,$A$4:$A$147,">"&$A4-7,$A$4:$A$147,"<="&$A4) | O4: =AVERAGEIFS($D$4:$D$147,$A$4:$A$147,">"&$A4-7,$A$4:$A$147,"<="&$A4) | P4: =AVERAGEIFS($G$4:$G$147,$A$4:$A$147,">"&$A4-7,$A$4:$A$147,"<="&$A4) | Q4: =INT(A4) | R4: 46026.44
A5: 46027.299 | B5: 84.32 | C5: 26.611733 | D5: 25.3 | E5: 52.3 | F5: 3.1 | G5: 59.54 | H5: 19.5 | I5: =IF(D5="","",B5*D5/100) | J5: 9 | K5: 1678 | L5: 30 | M5: 80 | N5: =AVERAGEIFS($B$4:$B$147,$A$4:$A$147,">"&$A5-7,$A$4:$A$147,"<="&$A5) | O5: =AVERAGEIFS($D$4:$D$147,$A$4:$A$147,">"&$A5-7,$A$4:$A$147,"<="&$A5) | P5: =AVERAGEIFS($G$4:$G$147,$A$4:$A$147,">"&$A5-7,$A$4:$A$147,"<="&$A5) | Q5: =INT(A5) | R5: 46027.299
A6: 46028.317 | B6: 84.05 | C6: 26.528602 | D6: 25.2 | E6: 52.4 | F6: 3.1 | G6: 59.55 | H6: 19.5 | I6: =IF(D6="","",B6*D6/100) | J6: 9 | K6: 1678 | L6: 30 | M6: 80 | N6: =AVERAGEIFS($B$4:$B$147,$A$4:$A$147,">"&$A6-7,$A$4:$A$147,"<="&$A6) | O6: =AVERAGEIFS($D$4:$D$147,$A$4:$A$147,">"&$A6-7,$A$4:$A$147,"<="&$A6) | P6: =AVERAGEIFS($G$4:$G$147,$A$4:$A$147,">"&$A6-7,$A$4:$A$147,"<="&$A6) | Q6: =INT(A6) | R6: 46028.317
A7: 46029.31 | B7: 83.93 | C7: 26.488672 | D7: 24.5 | E7: 52.9 | F7: 3.1 | G7: 59.7 | H7: 19.5 | I7: =IF(D7="","",B7*D7/100) | J7: 9 | K7: 1679 | L7: 30 | M7: 80 | N7: =AVERAGEIFS($B$4:$B$147,$A$4:$A$147,">"&$A7-7,$A$4:$A$147,"<="&$A7) | O7: =AVERAGEIFS($D$4:$D$147,$A$4:$A$147,">"&$A7-7,$A$4:$A$147,"<="&$A7) | P7: =AVERAGEIFS($G$4:$G$147,$A$4:$A$147,">"&$A7-7,$A$4:$A$147,"<="&$A7) | Q7: =INT(A7) | R7: 46029.31
A8: 46030.299 | B8: 83.66 | C8: 26.404467 | D8: 24.8 | E8: 52.7 | F8: 3.1 | G8: 59.31 | H8: 19.5 | I8: =IF(D8="","",B8*D8/100) | J8: 9 | K8: 1677 | L8: 30 | M8: 80 | N8: =AVERAGEIFS($B$4:$B$147,$A$4:$A$147,">"&$A8-7,$A$4:$A$147,"<="&$A8) | O8: =AVERAGEIFS($D$4:$D$147,$A$4:$A$147,">"&$A8-7,$A$4:$A$147,"<="&$A8) | P8: =AVERAGEIFS($G$4:$G$147,$A$4:$A$147,">"&$A8-7,$A$4:$A$147,"<="&$A8) | Q8: =INT(A8) | R8: 46030.299
A9: 46031.315 | B9: 83.45 | C9: 26.336868 | D9: 24.8 | E9: 52.6 | F9: 3.1 | G9: 59.15 | H9: 19.5 | I9: =IF(D9="","",B9*D9/100) | J9: 9 | K9: 1677 | L9: 30 | M9: 80 | N9: =AVERAGEIFS($B$4:$B$147,$A$4:$A$147,">"&$A9-7,$A$4:$A$147,"<="&$A9) | O9: =AVERAGEIFS($D$4:$D$147,$A$4:$A$147,">"&$A9-7,$A$4:$A$147,"<="&$A9) | P9: =AVERAGEIFS($G$4:$G$147,$A$4:$A$147,">"&$A9-7,$A$4:$A$147,"<="&$A9) | Q9: =INT(A9) | R9: 46031.315
A10: 46033.424 | B10: 83.82 | C10: 26.456534 | D10: 24.8 | E10: 52.7 | F10: 3.1 | G10: 59.33 | H10: 19.5 | I10: =IF(D10="","",B10*D10/100) | J10: 9 | K10: 1677 | L10: 30 | M10: 80 | N10: =AVERAGEIFS($B$4:$B$147,$A$4:$A$147,">"&$A10-7,$A$4:$A$147,"<="&$A10) | O10: =AVERAGEIFS($D$4:$D$147,$A$4:$A$147,">"&$A10-7,$A$4:$A$147,"<="&$A10) | P10: =AVERAGEIFS($G$4:$G$147,$A$4:$A$147,">"&$A10-7,$A$4:$A$147,"<="&$A10) | Q10: =INT(A10) | R10: 46033.424
A11: 46034.293 | B11: 83.76 | C11: 26.437122 | D11: 24.7 | E11: 52.7 | F11: 3.1 | G11: 59.06 | H11: 19.5 | I11: =IF(D11="","",B11*D11/100) | J11: 9 | K11: 1677 | L11: 30 | M11: 80 | N11: =AVERAGEIFS($B$4:$B$147,$A$4:$A$147,">"&$A11-7,$A$4:$A$147,"<="&$A11) | O11: =AVERAGEIFS($D$4:$D$147,$A$4:$A$147,">"&$A11-7,$A$4:$A$147,"<="&$A11) | P11: =AVERAGEIFS($G$4:$G$147,$A$4:$A$147,">"&$A11-7,$A$4:$A$147,"<="&$A11) | Q11: =INT(A11) | R11: 46034.293
A12: 46035.306 | B12: 83.36 | C12: 26.309696 | D12: 24.5 | E12: 52.8 | F12: 3.1 | G12: 59.15 | H12: 19.5 | I12: =IF(D12="","",B12*D12/100) | J12: 9 | K12: 1677 | L12: 30 | M12: 80 | N12: =AVERAGEIFS($B$4:$B$147,$A$4:$A$147,">"&$A12-7,$A$4:$A$147,"<="&$A12) | O12: =AVERAGEIFS($D$4:$D$147,$A$4:$A$147,">"&$A12-7,$A$4:$A$147,"<="&$A12) | P12: =AVERAGEIFS($G$4:$G$147,$A$4:$A$147,">"&$A12-7,$A$4:$A$147,"<="&$A12) | Q12: =INT(A12) | R12: 46035.306
A13: 46036.312 | B13: 83.67 | C13: 26.408989 | D13: 24.7 | E13: 52.7 | F13: 3.1 | G13: 59.41 | H13: 19.5 | I13: =IF(D13="","",B13*D13/100) | J13: 9 | K13: 1678 | L13: 30 | M13: 80 | N13: =AVERAGEIFS($B$4:$B$147,$A$4:$A$147,">"&$A13-7,$A$4:$A$147,"<="&$A13) | O13: =AVERAGEIFS($D$4:$D$147,$A$4:$A$147,">"&$A13-7,$A$4:$A$147,"<="&$A13) | P13: =AVERAGEIFS($G$4:$G$147,$A$4:$A$147,">"&$A13-7,$A$4:$A$147,"<="&$A13) | Q13: =INT(A13) | R13: 46036.312
A14: 46038.305 | B14: 83.98 | C14: 26.504437 | D14: 23.8 | E14: 53.3 | F14: 3.1 | G14: 58.82 | H14: 19.5 | I14: =IF(D14="","",B14*D14/100) | J14: 9 | K14: 1676 | L14: 30 | M14: 80 | N14: =AVERAGEIFS($B$4:$B$147,$A$4:$A$147,">"&$A14-7,$A$4:$A$147,"<="&$A14) | O14: =AVERAGEIFS($D$4:$D$147,$A$4:$A$147,">"&$A14-7,$A$4:$A$147,"<="&$A14) | P14: =AVERAGEIFS($G$4:$G$147,$A$4:$A$147,">"&$A14-7,$A$4:$A$147,"<="&$A14) | Q14: =INT(A14) | R14: 46038.305
A15: 46039.429 | B15: 83.24 | C15: 26.27231 | D15: 23.7 | E15: 53.4 | F15: 3.1 | G15: 59.11 | H15: 19.5 | I15: =IF(D15="","",B15*D15/100) | J15: 9 | K15: 1677 | L15: 30 | M15: 80 | N15: =AVERAGEIFS($B$4:$B$147,$A$4:$A$147,">"&$A15-7,$A$4:$A$147,"<="&$A15) | O15: =AVERAGEIFS($D$4:$D$147,$A$4:$A$147,">"&$A15-7,$A$4:$A$147,"<="&$A15) | P15: =AVERAGEIFS($G$4:$G$147,$A$4:$A$147,">"&$A15-7,$A$4:$A$147,"<="&$A15) | Q15: =INT(A15) | R15: 46039.429
... A147: 46175.293 | B147: 76.66 | C147: 24.195606 | D147: 20.2 | E147: 55.8 | F147: 3.1 | G147: 58.91 | H147: 19.5 | I147: =IF(D147="","",B147*D147/100) | J147: 9 | K147: 1676 | L147: 30 | M147: 80 | N147: =AVERAGEIFS($B$4:$B$147,$A$4:$A$147,">"&$A147-7,$A$4:$A$147,"<="&$A147) | O147: =AVERAGEIFS($D$4:$D$147,$A$4:$A$147,">"&$A147-7,$A$4:$A$147,"<="&$A147) | P147: =AVERAGEIFS($G$4:$G$147,$A$4:$A$147,">"&$A147-7,$A$4:$A$147,"<="&$A147) | Q147: =INT(A147) | R147: 46175.251

Sheet Critérios e Qualidade
A1: Critérios e qualidade dos dados
A2: Atualizado em 11/10/2026 16:40
A3: Campo | B3: Unidade | C3: Significado | D3: Cobertura | E3: Origem | F3: Campo na exportação
A4: Peso | B4: kg | C4: Peso medido pela balança | D4: 144 de 144 leituras | E4: balança | F4: Weight
A5: Altura | B5: cm | C5: Altura do perfil associada à leitura | D5: 144 de 144 leituras | E5: aplicação | F5: Height
A6: IMC | B6: kg/m² | C6: Índice de massa corporal | D6: 144 de 144 leituras | E6: aplicação | F6: BMI
A7: Gordura corporal | B7: % | C7: Estimativa por bioimpedância | D7: 144 de 144 leituras | E7: aplicação | F7: BodyFat
A8: Água corporal | B8: % | C8: Estimativa de água corporal | D8: 144 de 144 leituras | E8: aplicação | F8: BodyWater
A9: Massa óssea | B9: kg | C9: Estimativa; não é densidade mineral óssea | D9: 144 de 144 leituras | E9: aplicação | F9: BoneMass
A10: Massa muscular | B10: kg | C10: Estimativa de massa muscular | D10: 144 de 144 leituras | E10: aplicação | F10: MuscleMass
A11: Proteína | B11: % | C11: Proporção estimada de proteína | D11: 144 de 144 leituras | E11: aplicação | F11: ProteinRatio
A12: Massa proteica | B12: kg | C12: Derivada pelo leitor: peso × proteína / 100 | D12: 144 de 144 leituras | E12: derivada | F12: ProteinMass
A13: Gordura visceral | B13: índice | C13: Índice da aplicação; não é percentagem (inteiro no leitor) | D13: 144 de 144 leituras | E13: aplicação | F13: VisceralFat
A14: Metabolismo basal | B14: kcal/dia | C14: Estimativa de gasto basal (inteiro no leitor) | D14: 144 de 144 leituras | E14: aplicação | F14: BasalMetabolism
... A23: Pescoço | B23: cm | C23: Circunferência do pescoço (média de 3 leituras) | D23: 17 de 22 semanas | E23: manual | F23: —
A25: Regras
A26: Início | B26: Leituras com data local a partir de 04/01/2026 (Europe/Lisbon).
A27: Protocolo de pesagem | B27: Ao acordar, depois de ir à casa de banho.
A28: Perfil | B28: Titular: identificador Zepp -1 (o leitor pede apenas este membro). Exportações antigas sem identificador: altura 178 cm.
A29: Composição completa | B29: IMC, gordura, água, massa óssea, metabolismo, músculo, visceral, proteína, massa proteica, idade corporal e pontuação com valores numéricos.
A30: Plausibilidade | B30: Weight 30–250; BMI 10–60; BodyFat 2–70; BodyWater 25–80; BoneMass 0.5–8; MuscleMass 15–150; ProteinRatio 5–35; VisceralFat 1–59; BasalMetabolism 700–4500; MetabolicAge 10–100; BodyScore 0–100
A31: Semanas | B31: Domingo a sábado, em hora local.
A32: Médias | B32: Por leitura (não por dia). 'Dias com medição' mostra quantos dias distintos contribuíram.
A33: Contagens | B33: origem 155 · anteriores ao início 5 · incompletas 6 · implausíveis 0 · outro perfil 0 · aceites 144
A34: Limites | B34: Composição, idade e pontuação são estimativas da aplicação, não diagnósticos clínicos.
A35: Atualização | B35: Sincronizar a Zepp Life, guardar e fechar o Excel e executar ATUALIZAR-EXCEL.cmd. Depois de editar só medidas manuais: RECALCULAR-SEM-DESCARREGAR.cmd.
A37: Pesagens excluídas desde o início (6)
A38: Data/hora | B38: Peso (kg) | C38: Motivo
A39: 46060.649 | B39: 83.07 | C39: composição incompleta: só peso, sem bioimpedância
A40: 46083.51 | B40: 81.98 | C40: composição incompleta: só peso, sem bioimpedância
A41: 46106.502 | B41: 81.03 | C41: composição incompleta: só peso, sem bioimpedância
A42: 46129.517 | B42: 79.92 | C42: composição incompleta: só peso, sem bioimpedância
A43: 46152.658 | B43: 78.62 | C43: composição incompleta: só peso, sem bioimpedância
A44: 46175.501 | B44: 77.26 | C44: composição incompleta: só peso, sem bioimpedância
